filepath,label
data/raw\buildings\11317.jpg,buildings
data/raw\buildings\11323.jpg,buildings
data/raw\buildings\11334.jpg,buildings
data/raw\buildings\11338.jpg,buildings
data/raw\buildings\11345.jpg,buildings
data/raw\buildings\11349.jpg,buildings
data/raw\buildings\11363.jpg,buildings
data/raw\buildings\11366.jpg,buildings
data/raw\buildings\11371.jpg,buildings
data/raw\buildings\11374.jpg,buildings
data/raw\buildings\11378.jpg,buildings
data/raw\buildings\11410.jpg,buildings
data/raw\buildings\11418.jpg,buildings
data/raw\buildings\11425.jpg,buildings
data/raw\buildings\11428.jpg,buildings
data/raw\buildings\11458.jpg,buildings
data/raw\buildings\11471.jpg,buildings
data/raw\buildings\11477.jpg,buildings
data/raw\buildings\11483.jpg,buildings
data/raw\buildings\11494.jpg,buildings
data/raw\buildings\11499.jpg,buildings
data/raw\buildings\11502.jpg,buildings
data/raw\buildings\11523.jpg,buildings
data/raw\buildings\11530.jpg,buildings
data/raw\buildings\11560.jpg,buildings
data/raw\buildings\11568.jpg,buildings
data/raw\buildings\11569.jpg,buildings
data/raw\buildings\11570.jpg,buildings
data/raw\buildings\11594.jpg,buildings
data/raw\buildings\11595.jpg,buildings
data/raw\buildings\11599.jpg,buildings
data/raw\buildings\11601.jpg,buildings
data/raw\buildings\11605.jpg,buildings
data/raw\buildings\11613.jpg,buildings
data/raw\buildings\11620.jpg,buildings
data/raw\buildings\11621.jpg,buildings
data/raw\buildings\11622.jpg,buildings
data/raw\buildings\11627.jpg,buildings
data/raw\buildings\11628.jpg,buildings
data/raw\buildings\11635.jpg,buildings
data/raw\buildings\11642.jpg,buildings
data/raw\buildings\11658.jpg,buildings
data/raw\buildings\11670.jpg,buildings
data/raw\buildings\11696.jpg,buildings
data/raw\buildings\11700.jpg,buildings
data/raw\buildings\11718.jpg,buildings
data/raw\buildings\11731.jpg,buildings
data/raw\buildings\11753.jpg,buildings
data/raw\buildings\11780.jpg,buildings
data/raw\buildings\11788.jpg,buildings
data/raw\buildings\11795.jpg,buildings
data/raw\buildings\11796.jpg,buildings
data/raw\buildings\11808.jpg,buildings
data/raw\buildings\11813.jpg,buildings
data/raw\buildings\11827.jpg,buildings
data/raw\buildings\11845.jpg,buildings
data/raw\buildings\11855.jpg,buildings
data/raw\buildings\11883.jpg,buildings
data/raw\buildings\11899.jpg,buildings
data/raw\buildings\11910.jpg,buildings
data/raw\buildings\11924.jpg,buildings
data/raw\buildings\11929.jpg,buildings
data/raw\buildings\11937.jpg,buildings
data/raw\buildings\11941.jpg,buildings
data/raw\buildings\11945.jpg,buildings
data/raw\buildings\11947.jpg,buildings
data/raw\buildings\11959.jpg,buildings
data/raw\buildings\11961.jpg,buildings
data/raw\buildings\11990.jpg,buildings
data/raw\buildings\11991.jpg,buildings
data/raw\buildings\11992.jpg,buildings
data/raw\buildings\11993.jpg,buildings
data/raw\buildings\12000.jpg,buildings
data/raw\buildings\12010.jpg,buildings
data/raw\buildings\12024.jpg,buildings
data/raw\buildings\12028.jpg,buildings
data/raw\buildings\12042.jpg,buildings
data/raw\buildings\12050.jpg,buildings
data/raw\buildings\12058.jpg,buildings
data/raw\buildings\12060.jpg,buildings
data/raw\buildings\12063.jpg,buildings
data/raw\buildings\12065.jpg,buildings
data/raw\buildings\12067.jpg,buildings
data/raw\buildings\12068.jpg,buildings
data/raw\buildings\12070.jpg,buildings
data/raw\buildings\12091.jpg,buildings
data/raw\buildings\12103.jpg,buildings
data/raw\buildings\12134.jpg,buildings
data/raw\buildings\12135.jpg,buildings
data/raw\buildings\12144.jpg,buildings
data/raw\buildings\12157.jpg,buildings
data/raw\buildings\12160.jpg,buildings
data/raw\buildings\12168.jpg,buildings
data/raw\buildings\12169.jpg,buildings
data/raw\buildings\12171.jpg,buildings
data/raw\buildings\12172.jpg,buildings
data/raw\buildings\12193.jpg,buildings
data/raw\buildings\12200.jpg,buildings
data/raw\buildings\12221.jpg,buildings
data/raw\buildings\12223.jpg,buildings
data/raw\buildings\12231.jpg,buildings
data/raw\buildings\12232.jpg,buildings
data/raw\buildings\12233.jpg,buildings
data/raw\buildings\12244.jpg,buildings
data/raw\buildings\12257.jpg,buildings
data/raw\buildings\12263.jpg,buildings
data/raw\buildings\12265.jpg,buildings
data/raw\buildings\12268.jpg,buildings
data/raw\buildings\12273.jpg,buildings
data/raw\buildings\12280.jpg,buildings
data/raw\buildings\12288.jpg,buildings
data/raw\buildings\12290.jpg,buildings
data/raw\buildings\12295.jpg,buildings
data/raw\buildings\12315.jpg,buildings
data/raw\buildings\12330.jpg,buildings
data/raw\buildings\12348.jpg,buildings
data/raw\buildings\12382.jpg,buildings
data/raw\buildings\12384.jpg,buildings
data/raw\buildings\12391.jpg,buildings
data/raw\buildings\12393.jpg,buildings
data/raw\buildings\12396.jpg,buildings
data/raw\buildings\12400.jpg,buildings
data/raw\buildings\12406.jpg,buildings
data/raw\buildings\12417.jpg,buildings
data/raw\buildings\12426.jpg,buildings
data/raw\buildings\12427.jpg,buildings
data/raw\buildings\12432.jpg,buildings
data/raw\buildings\12435.jpg,buildings
data/raw\buildings\12451.jpg,buildings
data/raw\buildings\12462.jpg,buildings
data/raw\buildings\12489.jpg,buildings
data/raw\buildings\12494.jpg,buildings
data/raw\buildings\12500.jpg,buildings
data/raw\buildings\12507.jpg,buildings
data/raw\buildings\12512.jpg,buildings
data/raw\buildings\12513.jpg,buildings
data/raw\buildings\12517.jpg,buildings
data/raw\buildings\12533.jpg,buildings
data/raw\buildings\12535.jpg,buildings
data/raw\buildings\12536.jpg,buildings
data/raw\buildings\12540.jpg,buildings
data/raw\buildings\12543.jpg,buildings
data/raw\buildings\12544.jpg,buildings
data/raw\buildings\12551.jpg,buildings
data/raw\buildings\12552.jpg,buildings
data/raw\buildings\12555.jpg,buildings
data/raw\buildings\12561.jpg,buildings
data/raw\buildings\12578.jpg,buildings
data/raw\buildings\12590.jpg,buildings
data/raw\buildings\12602.jpg,buildings
data/raw\buildings\12615.jpg,buildings
data/raw\buildings\12617.jpg,buildings
data/raw\buildings\12629.jpg,buildings
data/raw\buildings\12632.jpg,buildings
data/raw\buildings\12636.jpg,buildings
data/raw\buildings\12649.jpg,buildings
data/raw\buildings\12659.jpg,buildings
data/raw\buildings\12668.jpg,buildings
data/raw\buildings\12669.jpg,buildings
data/raw\buildings\12680.jpg,buildings
data/raw\buildings\12684.jpg,buildings
data/raw\buildings\12685.jpg,buildings
data/raw\buildings\12692.jpg,buildings
data/raw\buildings\12703.jpg,buildings
data/raw\buildings\12716.jpg,buildings
data/raw\buildings\12719.jpg,buildings
data/raw\buildings\12720.jpg,buildings
data/raw\buildings\12727.jpg,buildings
data/raw\buildings\12729.jpg,buildings
data/raw\buildings\12733.jpg,buildings
data/raw\buildings\12734.jpg,buildings
data/raw\buildings\12736.jpg,buildings
data/raw\buildings\12741.jpg,buildings
data/raw\buildings\12744.jpg,buildings
data/raw\buildings\12755.jpg,buildings
data/raw\buildings\12758.jpg,buildings
data/raw\buildings\12761.jpg,buildings
data/raw\buildings\12766.jpg,buildings
data/raw\buildings\12770.jpg,buildings
data/raw\buildings\12782.jpg,buildings
data/raw\buildings\12789.jpg,buildings
data/raw\buildings\12802.jpg,buildings
data/raw\buildings\12817.jpg,buildings
data/raw\buildings\12818.jpg,buildings
data/raw\buildings\12827.jpg,buildings
data/raw\buildings\12863.jpg,buildings
data/raw\buildings\12864.jpg,buildings
data/raw\buildings\12874.jpg,buildings
data/raw\buildings\12887.jpg,buildings
data/raw\buildings\12913.jpg,buildings
data/raw\buildings\12925.jpg,buildings
data/raw\buildings\12930.jpg,buildings
data/raw\buildings\12934.jpg,buildings
data/raw\buildings\12938.jpg,buildings
data/raw\buildings\12939.jpg,buildings
data/raw\buildings\12942.jpg,buildings
data/raw\buildings\12943.jpg,buildings
data/raw\buildings\12963.jpg,buildings
data/raw\buildings\12973.jpg,buildings
data/raw\buildings\12982.jpg,buildings
data/raw\buildings\12990.jpg,buildings
data/raw\buildings\12994.jpg,buildings
data/raw\buildings\12996.jpg,buildings
data/raw\buildings\12999.jpg,buildings
data/raw\buildings\13008.jpg,buildings
data/raw\buildings\13010.jpg,buildings
data/raw\buildings\13023.jpg,buildings
data/raw\buildings\13024.jpg,buildings
data/raw\buildings\13027.jpg,buildings
data/raw\buildings\13050.jpg,buildings
data/raw\buildings\13079.jpg,buildings
data/raw\buildings\13082.jpg,buildings
data/raw\buildings\13111.jpg,buildings
data/raw\buildings\13124.jpg,buildings
data/raw\buildings\13131.jpg,buildings
data/raw\buildings\13135.jpg,buildings
data/raw\buildings\13143.jpg,buildings
data/raw\buildings\13170.jpg,buildings
data/raw\buildings\13171.jpg,buildings
data/raw\buildings\13183.jpg,buildings
data/raw\buildings\13184.jpg,buildings
data/raw\buildings\13188.jpg,buildings
data/raw\buildings\13191.jpg,buildings
data/raw\buildings\13213.jpg,buildings
data/raw\buildings\13216.jpg,buildings
data/raw\buildings\13220.jpg,buildings
data/raw\buildings\13222.jpg,buildings
data/raw\buildings\13234.jpg,buildings
data/raw\buildings\13236.jpg,buildings
data/raw\buildings\13238.jpg,buildings
data/raw\buildings\13247.jpg,buildings
data/raw\buildings\13253.jpg,buildings
data/raw\buildings\13258.jpg,buildings
data/raw\buildings\13276.jpg,buildings
data/raw\buildings\13284.jpg,buildings
data/raw\buildings\13287.jpg,buildings
data/raw\buildings\13308.jpg,buildings
data/raw\buildings\13315.jpg,buildings
data/raw\buildings\13338.jpg,buildings
data/raw\buildings\13352.jpg,buildings
data/raw\buildings\13357.jpg,buildings
data/raw\buildings\13364.jpg,buildings
data/raw\buildings\13371.jpg,buildings
data/raw\buildings\13377.jpg,buildings
data/raw\buildings\13383.jpg,buildings
data/raw\buildings\13395.jpg,buildings
data/raw\buildings\13400.jpg,buildings
data/raw\buildings\13404.jpg,buildings
data/raw\buildings\13409.jpg,buildings
data/raw\buildings\13432.jpg,buildings
data/raw\buildings\13452.jpg,buildings
data/raw\buildings\13453.jpg,buildings
data/raw\buildings\13463.jpg,buildings
data/raw\buildings\13470.jpg,buildings
data/raw\buildings\13472.jpg,buildings
data/raw\buildings\13474.jpg,buildings
data/raw\buildings\13477.jpg,buildings
data/raw\buildings\13478.jpg,buildings
data/raw\buildings\13480.jpg,buildings
data/raw\buildings\13486.jpg,buildings
data/raw\buildings\13490.jpg,buildings
data/raw\buildings\13511.jpg,buildings
data/raw\buildings\13526.jpg,buildings
data/raw\buildings\13533.jpg,buildings
data/raw\buildings\13534.jpg,buildings
data/raw\buildings\13537.jpg,buildings
data/raw\buildings\13538.jpg,buildings
data/raw\buildings\13540.jpg,buildings
data/raw\buildings\13568.jpg,buildings
data/raw\buildings\13579.jpg,buildings
data/raw\buildings\13583.jpg,buildings
data/raw\buildings\13590.jpg,buildings
data/raw\buildings\13599.jpg,buildings
data/raw\buildings\13603.jpg,buildings
data/raw\buildings\13609.jpg,buildings
data/raw\buildings\13621.jpg,buildings
data/raw\buildings\13622.jpg,buildings
data/raw\buildings\13624.jpg,buildings
data/raw\buildings\13629.jpg,buildings
data/raw\buildings\13640.jpg,buildings
data/raw\buildings\13649.jpg,buildings
data/raw\buildings\13674.jpg,buildings
data/raw\buildings\13676.jpg,buildings
data/raw\buildings\13681.jpg,buildings
data/raw\buildings\13689.jpg,buildings
data/raw\buildings\13697.jpg,buildings
data/raw\buildings\13702.jpg,buildings
data/raw\buildings\13735.jpg,buildings
data/raw\buildings\13741.jpg,buildings
data/raw\buildings\13745.jpg,buildings
data/raw\buildings\13746.jpg,buildings
data/raw\buildings\13753.jpg,buildings
data/raw\buildings\13770.jpg,buildings
data/raw\buildings\13777.jpg,buildings
data/raw\buildings\13779.jpg,buildings
data/raw\buildings\13790.jpg,buildings
data/raw\buildings\13796.jpg,buildings
data/raw\buildings\13806.jpg,buildings
data/raw\buildings\13812.jpg,buildings
data/raw\buildings\13813.jpg,buildings
data/raw\buildings\13815.jpg,buildings
data/raw\buildings\13822.jpg,buildings
data/raw\buildings\13823.jpg,buildings
data/raw\buildings\13827.jpg,buildings
data/raw\buildings\13835.jpg,buildings
data/raw\buildings\13843.jpg,buildings
data/raw\buildings\13844.jpg,buildings
data/raw\buildings\13846.jpg,buildings
data/raw\buildings\13848.jpg,buildings
data/raw\buildings\13860.jpg,buildings
data/raw\buildings\13863.jpg,buildings
data/raw\buildings\13882.jpg,buildings
data/raw\buildings\13888.jpg,buildings
data/raw\buildings\13901.jpg,buildings
data/raw\buildings\13905.jpg,buildings
data/raw\buildings\13916.jpg,buildings
data/raw\buildings\13932.jpg,buildings
data/raw\buildings\13943.jpg,buildings
data/raw\buildings\13946.jpg,buildings
data/raw\buildings\13951.jpg,buildings
data/raw\buildings\13961.jpg,buildings
data/raw\buildings\13969.jpg,buildings
data/raw\buildings\13978.jpg,buildings
data/raw\buildings\13982.jpg,buildings
data/raw\buildings\13983.jpg,buildings
data/raw\buildings\14001.jpg,buildings
data/raw\buildings\14004.jpg,buildings
data/raw\buildings\14014.jpg,buildings
data/raw\buildings\14016.jpg,buildings
data/raw\buildings\14022.jpg,buildings
data/raw\buildings\14035.jpg,buildings
data/raw\buildings\14081.jpg,buildings
data/raw\buildings\14092.jpg,buildings
data/raw\buildings\14094.jpg,buildings
data/raw\buildings\14114.jpg,buildings
data/raw\buildings\14124.jpg,buildings
data/raw\buildings\14148.jpg,buildings
data/raw\buildings\14158.jpg,buildings
data/raw\buildings\14161.jpg,buildings
data/raw\buildings\14182.jpg,buildings
data/raw\buildings\14184.jpg,buildings
data/raw\buildings\14189.jpg,buildings
data/raw\buildings\14194.jpg,buildings
data/raw\buildings\14205.jpg,buildings
data/raw\buildings\14212.jpg,buildings
data/raw\buildings\14217.jpg,buildings
data/raw\buildings\14218.jpg,buildings
data/raw\buildings\14231.jpg,buildings
data/raw\buildings\14246.jpg,buildings
data/raw\buildings\14247.jpg,buildings
data/raw\buildings\14261.jpg,buildings
data/raw\buildings\14284.jpg,buildings
data/raw\buildings\14294.jpg,buildings
data/raw\buildings\14295.jpg,buildings
data/raw\buildings\14297.jpg,buildings
data/raw\buildings\14300.jpg,buildings
data/raw\buildings\14318.jpg,buildings
data/raw\buildings\14321.jpg,buildings
data/raw\buildings\14365.jpg,buildings
data/raw\buildings\14372.jpg,buildings
data/raw\buildings\14383.jpg,buildings
data/raw\buildings\14389.jpg,buildings
data/raw\buildings\14410.jpg,buildings
data/raw\buildings\14416.jpg,buildings
data/raw\buildings\14434.jpg,buildings
data/raw\buildings\14439.jpg,buildings
data/raw\buildings\14447.jpg,buildings
data/raw\buildings\14454.jpg,buildings
data/raw\buildings\14456.jpg,buildings
data/raw\buildings\14464.jpg,buildings
data/raw\buildings\14467.jpg,buildings
data/raw\buildings\14474.jpg,buildings
data/raw\buildings\14521.jpg,buildings
data/raw\buildings\14525.jpg,buildings
data/raw\buildings\14535.jpg,buildings
data/raw\buildings\14543.jpg,buildings
data/raw\buildings\14548.jpg,buildings
data/raw\buildings\14556.jpg,buildings
data/raw\buildings\14565.jpg,buildings
data/raw\buildings\14568.jpg,buildings
data/raw\buildings\14576.jpg,buildings
data/raw\buildings\14577.jpg,buildings
data/raw\buildings\14649.jpg,buildings
data/raw\buildings\14651.jpg,buildings
data/raw\buildings\14661.jpg,buildings
data/raw\buildings\14662.jpg,buildings
data/raw\buildings\14673.jpg,buildings
data/raw\buildings\14677.jpg,buildings
data/raw\buildings\14681.jpg,buildings
data/raw\buildings\14691.jpg,buildings
data/raw\buildings\14694.jpg,buildings
data/raw\buildings\14704.jpg,buildings
data/raw\buildings\14705.jpg,buildings
data/raw\buildings\14707.jpg,buildings
data/raw\buildings\14708.jpg,buildings
data/raw\buildings\14710.jpg,buildings
data/raw\buildings\14721.jpg,buildings
data/raw\buildings\14723.jpg,buildings
data/raw\buildings\14731.jpg,buildings
data/raw\buildings\14738.jpg,buildings
data/raw\buildings\14744.jpg,buildings
data/raw\buildings\14749.jpg,buildings
data/raw\buildings\14756.jpg,buildings
data/raw\buildings\14758.jpg,buildings
data/raw\buildings\14760.jpg,buildings
data/raw\buildings\14766.jpg,buildings
data/raw\buildings\14769.jpg,buildings
data/raw\buildings\14783.jpg,buildings
data/raw\buildings\14799.jpg,buildings
data/raw\buildings\14808.jpg,buildings
data/raw\buildings\14816.jpg,buildings
data/raw\buildings\14820.jpg,buildings
data/raw\buildings\14823.jpg,buildings
data/raw\buildings\14826.jpg,buildings
data/raw\buildings\14830.jpg,buildings
data/raw\buildings\14837.jpg,buildings
data/raw\buildings\14847.jpg,buildings
data/raw\buildings\14852.jpg,buildings
data/raw\buildings\14854.jpg,buildings
data/raw\buildings\14856.jpg,buildings
data/raw\buildings\14857.jpg,buildings
data/raw\buildings\14868.jpg,buildings
data/raw\buildings\14870.jpg,buildings
data/raw\buildings\14876.jpg,buildings
data/raw\buildings\14883.jpg,buildings
data/raw\buildings\14885.jpg,buildings
data/raw\buildings\14892.jpg,buildings
data/raw\buildings\14894.jpg,buildings
data/raw\buildings\14896.jpg,buildings
data/raw\buildings\14898.jpg,buildings
data/raw\buildings\14903.jpg,buildings
data/raw\buildings\14912.jpg,buildings
data/raw\buildings\14916.jpg,buildings
data/raw\buildings\14918.jpg,buildings
data/raw\buildings\14947.jpg,buildings
data/raw\buildings\14952.jpg,buildings
data/raw\buildings\14958.jpg,buildings
data/raw\buildings\14968.jpg,buildings
data/raw\buildings\14984.jpg,buildings
data/raw\buildings\14991.jpg,buildings
data/raw\buildings\15026.jpg,buildings
data/raw\buildings\15030.jpg,buildings
data/raw\buildings\15042.jpg,buildings
data/raw\buildings\15045.jpg,buildings
data/raw\buildings\15048.jpg,buildings
data/raw\buildings\15052.jpg,buildings
data/raw\buildings\15061.jpg,buildings
data/raw\buildings\15064.jpg,buildings
data/raw\buildings\15071.jpg,buildings
data/raw\buildings\15078.jpg,buildings
data/raw\buildings\15091.jpg,buildings
data/raw\buildings\15098.jpg,buildings
data/raw\buildings\15109.jpg,buildings
data/raw\buildings\15140.jpg,buildings
data/raw\buildings\15141.jpg,buildings
data/raw\buildings\15146.jpg,buildings
data/raw\buildings\15147.jpg,buildings
data/raw\buildings\15176.jpg,buildings
data/raw\buildings\15216.jpg,buildings
data/raw\buildings\15218.jpg,buildings
data/raw\buildings\15223.jpg,buildings
data/raw\buildings\15227.jpg,buildings
data/raw\buildings\15236.jpg,buildings
data/raw\buildings\15238.jpg,buildings
data/raw\buildings\15242.jpg,buildings
data/raw\buildings\15261.jpg,buildings
data/raw\buildings\15288.jpg,buildings
data/raw\buildings\15291.jpg,buildings
data/raw\buildings\15293.jpg,buildings
data/raw\buildings\15304.jpg,buildings
data/raw\buildings\15320.jpg,buildings
data/raw\buildings\15322.jpg,buildings
data/raw\buildings\15324.jpg,buildings
data/raw\buildings\15331.jpg,buildings
data/raw\buildings\15334.jpg,buildings
data/raw\buildings\15344.jpg,buildings
data/raw\buildings\15345.jpg,buildings
data/raw\buildings\15346.jpg,buildings
data/raw\buildings\15361.jpg,buildings
data/raw\buildings\15374.jpg,buildings
data/raw\buildings\15397.jpg,buildings
data/raw\buildings\15398.jpg,buildings
data/raw\buildings\15404.jpg,buildings
data/raw\buildings\15405.jpg,buildings
data/raw\buildings\15409.jpg,buildings
data/raw\buildings\15428.jpg,buildings
data/raw\buildings\15429.jpg,buildings
data/raw\buildings\15439.jpg,buildings
data/raw\buildings\15451.jpg,buildings
data/raw\buildings\15487.jpg,buildings
data/raw\buildings\15491.jpg,buildings
data/raw\buildings\15514.jpg,buildings
data/raw\buildings\15515.jpg,buildings
data/raw\buildings\15518.jpg,buildings
data/raw\buildings\15523.jpg,buildings
data/raw\buildings\15528.jpg,buildings
data/raw\buildings\15538.jpg,buildings
data/raw\buildings\15542.jpg,buildings
data/raw\buildings\15545.jpg,buildings
data/raw\buildings\15573.jpg,buildings
data/raw\buildings\15577.jpg,buildings
data/raw\buildings\15587.jpg,buildings
data/raw\buildings\15596.jpg,buildings
data/raw\buildings\15624.jpg,buildings
data/raw\buildings\15626.jpg,buildings
data/raw\buildings\15641.jpg,buildings
data/raw\buildings\15653.jpg,buildings
data/raw\buildings\15673.jpg,buildings
data/raw\buildings\15674.jpg,buildings
data/raw\buildings\15675.jpg,buildings
data/raw\buildings\15690.jpg,buildings
data/raw\buildings\15693.jpg,buildings
data/raw\buildings\15699.jpg,buildings
data/raw\buildings\15701.jpg,buildings
data/raw\buildings\15714.jpg,buildings
data/raw\buildings\15729.jpg,buildings
data/raw\buildings\15730.jpg,buildings
data/raw\buildings\15734.jpg,buildings
data/raw\buildings\15742.jpg,buildings
data/raw\buildings\15743.jpg,buildings
data/raw\buildings\15749.jpg,buildings
data/raw\buildings\15768.jpg,buildings
data/raw\buildings\15784.jpg,buildings
data/raw\buildings\15787.jpg,buildings
data/raw\buildings\15791.jpg,buildings
data/raw\buildings\15792.jpg,buildings
data/raw\buildings\15794.jpg,buildings
data/raw\buildings\15796.jpg,buildings
data/raw\buildings\15815.jpg,buildings
data/raw\buildings\15822.jpg,buildings
data/raw\buildings\15824.jpg,buildings
data/raw\buildings\15827.jpg,buildings
data/raw\buildings\15845.jpg,buildings
data/raw\buildings\15861.jpg,buildings
data/raw\buildings\15864.jpg,buildings
data/raw\buildings\15871.jpg,buildings
data/raw\buildings\15877.jpg,buildings
data/raw\buildings\15905.jpg,buildings
data/raw\buildings\15906.jpg,buildings
data/raw\buildings\15920.jpg,buildings
data/raw\buildings\15938.jpg,buildings
data/raw\buildings\15944.jpg,buildings
data/raw\buildings\15945.jpg,buildings
data/raw\buildings\15955.jpg,buildings
data/raw\buildings\15956.jpg,buildings
data/raw\buildings\15959.jpg,buildings
data/raw\buildings\15962.jpg,buildings
data/raw\buildings\15966.jpg,buildings
data/raw\buildings\15973.jpg,buildings
data/raw\buildings\15985.jpg,buildings
data/raw\buildings\15988.jpg,buildings
data/raw\buildings\15992.jpg,buildings
data/raw\buildings\16006.jpg,buildings
data/raw\buildings\16020.jpg,buildings
data/raw\buildings\16057.jpg,buildings
data/raw\buildings\16059.jpg,buildings
data/raw\buildings\16064.jpg,buildings
data/raw\buildings\16078.jpg,buildings
data/raw\buildings\16079.jpg,buildings
data/raw\buildings\16095.jpg,buildings
data/raw\buildings\16100.jpg,buildings
data/raw\buildings\16115.jpg,buildings
data/raw\buildings\16123.jpg,buildings
data/raw\buildings\16137.jpg,buildings
data/raw\buildings\16141.jpg,buildings
data/raw\buildings\16159.jpg,buildings
data/raw\buildings\16160.jpg,buildings
data/raw\buildings\16166.jpg,buildings
data/raw\buildings\16171.jpg,buildings
data/raw\buildings\16183.jpg,buildings
data/raw\buildings\16199.jpg,buildings
data/raw\buildings\16208.jpg,buildings
data/raw\buildings\16221.jpg,buildings
data/raw\buildings\16234.jpg,buildings
data/raw\buildings\16243.jpg,buildings
data/raw\buildings\16272.jpg,buildings
data/raw\buildings\16274.jpg,buildings
data/raw\buildings\16279.jpg,buildings
data/raw\buildings\16280.jpg,buildings
data/raw\buildings\16289.jpg,buildings
data/raw\buildings\16314.jpg,buildings
data/raw\buildings\16315.jpg,buildings
data/raw\buildings\16324.jpg,buildings
data/raw\buildings\16326.jpg,buildings
data/raw\buildings\16339.jpg,buildings
data/raw\buildings\16346.jpg,buildings
data/raw\buildings\16349.jpg,buildings
data/raw\buildings\16362.jpg,buildings
data/raw\buildings\16377.jpg,buildings
data/raw\buildings\16395.jpg,buildings
data/raw\buildings\16413.jpg,buildings
data/raw\buildings\16423.jpg,buildings
data/raw\buildings\16431.jpg,buildings
data/raw\buildings\16432.jpg,buildings
data/raw\buildings\16452.jpg,buildings
data/raw\buildings\16455.jpg,buildings
data/raw\buildings\16456.jpg,buildings
data/raw\buildings\16457.jpg,buildings
data/raw\buildings\16463.jpg,buildings
data/raw\buildings\16466.jpg,buildings
data/raw\buildings\16478.jpg,buildings
data/raw\buildings\16483.jpg,buildings
data/raw\buildings\16488.jpg,buildings
data/raw\buildings\16500.jpg,buildings
data/raw\buildings\16507.jpg,buildings
data/raw\buildings\16538.jpg,buildings
data/raw\buildings\16543.jpg,buildings
data/raw\buildings\16547.jpg,buildings
data/raw\buildings\16550.jpg,buildings
data/raw\buildings\16559.jpg,buildings
data/raw\buildings\16562.jpg,buildings
data/raw\buildings\16564.jpg,buildings
data/raw\buildings\16567.jpg,buildings
data/raw\buildings\16569.jpg,buildings
data/raw\buildings\16575.jpg,buildings
data/raw\buildings\16577.jpg,buildings
data/raw\buildings\16578.jpg,buildings
data/raw\buildings\16579.jpg,buildings
data/raw\buildings\16593.jpg,buildings
data/raw\buildings\16594.jpg,buildings
data/raw\buildings\16595.jpg,buildings
data/raw\buildings\16607.jpg,buildings
data/raw\buildings\16614.jpg,buildings
data/raw\buildings\16623.jpg,buildings
data/raw\buildings\16624.jpg,buildings
data/raw\buildings\16643.jpg,buildings
data/raw\buildings\16672.jpg,buildings
data/raw\buildings\16681.jpg,buildings
data/raw\buildings\16692.jpg,buildings
data/raw\buildings\16730.jpg,buildings
data/raw\buildings\16733.jpg,buildings
data/raw\buildings\16734.jpg,buildings
data/raw\buildings\16750.jpg,buildings
data/raw\buildings\16753.jpg,buildings
data/raw\buildings\16774.jpg,buildings
data/raw\buildings\16786.jpg,buildings
data/raw\buildings\16793.jpg,buildings
data/raw\buildings\16795.jpg,buildings
data/raw\buildings\16800.jpg,buildings
data/raw\buildings\16807.jpg,buildings
data/raw\buildings\16808.jpg,buildings
data/raw\buildings\16813.jpg,buildings
data/raw\buildings\16837.jpg,buildings
data/raw\buildings\16873.jpg,buildings
data/raw\buildings\16888.jpg,buildings
data/raw\buildings\16889.jpg,buildings
data/raw\buildings\16902.jpg,buildings
data/raw\buildings\16911.jpg,buildings
data/raw\buildings\16912.jpg,buildings
data/raw\buildings\16931.jpg,buildings
data/raw\buildings\16933.jpg,buildings
data/raw\buildings\16939.jpg,buildings
data/raw\buildings\16948.jpg,buildings
data/raw\buildings\16952.jpg,buildings
data/raw\buildings\16965.jpg,buildings
data/raw\buildings\16979.jpg,buildings
data/raw\buildings\16985.jpg,buildings
data/raw\buildings\16988.jpg,buildings
data/raw\buildings\17000.jpg,buildings
data/raw\buildings\17032.jpg,buildings
data/raw\buildings\17033.jpg,buildings
data/raw\buildings\17055.jpg,buildings
data/raw\buildings\17058.jpg,buildings
data/raw\buildings\17064.jpg,buildings
data/raw\buildings\17065.jpg,buildings
data/raw\buildings\17073.jpg,buildings
data/raw\buildings\17075.jpg,buildings
data/raw\buildings\17085.jpg,buildings
data/raw\buildings\17094.jpg,buildings
data/raw\buildings\17154.jpg,buildings
data/raw\buildings\17156.jpg,buildings
data/raw\buildings\17161.jpg,buildings
data/raw\buildings\17165.jpg,buildings
data/raw\buildings\17187.jpg,buildings
data/raw\buildings\17193.jpg,buildings
data/raw\buildings\17198.jpg,buildings
data/raw\buildings\17202.jpg,buildings
data/raw\buildings\17211.jpg,buildings
data/raw\buildings\17225.jpg,buildings
data/raw\buildings\17235.jpg,buildings
data/raw\buildings\17236.jpg,buildings
data/raw\buildings\17262.jpg,buildings
data/raw\buildings\17264.jpg,buildings
data/raw\buildings\17267.jpg,buildings
data/raw\buildings\17270.jpg,buildings
data/raw\buildings\17272.jpg,buildings
data/raw\buildings\17273.jpg,buildings
data/raw\buildings\17296.jpg,buildings
data/raw\buildings\17302.jpg,buildings
data/raw\buildings\17308.jpg,buildings
data/raw\buildings\17322.jpg,buildings
data/raw\buildings\17330.jpg,buildings
data/raw\buildings\17332.jpg,buildings
data/raw\buildings\17337.jpg,buildings
data/raw\buildings\17338.jpg,buildings
data/raw\buildings\17345.jpg,buildings
data/raw\buildings\17354.jpg,buildings
data/raw\buildings\17397.jpg,buildings
data/raw\buildings\17401.jpg,buildings
data/raw\buildings\17403.jpg,buildings
data/raw\buildings\17406.jpg,buildings
data/raw\buildings\17416.jpg,buildings
data/raw\buildings\17418.jpg,buildings
data/raw\buildings\17425.jpg,buildings
data/raw\buildings\17427.jpg,buildings
data/raw\buildings\17450.jpg,buildings
data/raw\buildings\17451.jpg,buildings
data/raw\buildings\17452.jpg,buildings
data/raw\buildings\17453.jpg,buildings
data/raw\buildings\17457.jpg,buildings
data/raw\buildings\17462.jpg,buildings
data/raw\buildings\17468.jpg,buildings
data/raw\buildings\17479.jpg,buildings
data/raw\buildings\17480.jpg,buildings
data/raw\buildings\17491.jpg,buildings
data/raw\buildings\17495.jpg,buildings
data/raw\buildings\17503.jpg,buildings
data/raw\buildings\17516.jpg,buildings
data/raw\buildings\17520.jpg,buildings
data/raw\buildings\17537.jpg,buildings
data/raw\buildings\17539.jpg,buildings
data/raw\buildings\17541.jpg,buildings
data/raw\buildings\17545.jpg,buildings
data/raw\buildings\17551.jpg,buildings
data/raw\buildings\17552.jpg,buildings
data/raw\buildings\17560.jpg,buildings
data/raw\buildings\17563.jpg,buildings
data/raw\buildings\17574.jpg,buildings
data/raw\buildings\17575.jpg,buildings
data/raw\buildings\17581.jpg,buildings
data/raw\buildings\17590.jpg,buildings
data/raw\buildings\17594.jpg,buildings
data/raw\buildings\17602.jpg,buildings
data/raw\buildings\17605.jpg,buildings
data/raw\buildings\17609.jpg,buildings
data/raw\buildings\17636.jpg,buildings
data/raw\buildings\17662.jpg,buildings
data/raw\buildings\17673.jpg,buildings
data/raw\buildings\17687.jpg,buildings
data/raw\buildings\17718.jpg,buildings
data/raw\buildings\17719.jpg,buildings
data/raw\buildings\17731.jpg,buildings
data/raw\buildings\17750.jpg,buildings
data/raw\buildings\17751.jpg,buildings
data/raw\buildings\17764.jpg,buildings
data/raw\buildings\17771.jpg,buildings
data/raw\buildings\17793.jpg,buildings
data/raw\buildings\17805.jpg,buildings
data/raw\buildings\17806.jpg,buildings
data/raw\buildings\17821.jpg,buildings
data/raw\buildings\17825.jpg,buildings
data/raw\buildings\17830.jpg,buildings
data/raw\buildings\17835.jpg,buildings
data/raw\buildings\17853.jpg,buildings
data/raw\buildings\17868.jpg,buildings
data/raw\buildings\17873.jpg,buildings
data/raw\buildings\17875.jpg,buildings
data/raw\buildings\17891.jpg,buildings
data/raw\buildings\17896.jpg,buildings
data/raw\buildings\17898.jpg,buildings
data/raw\buildings\17903.jpg,buildings
data/raw\buildings\17906.jpg,buildings
data/raw\buildings\17912.jpg,buildings
data/raw\buildings\17932.jpg,buildings
data/raw\buildings\17951.jpg,buildings
data/raw\buildings\17953.jpg,buildings
data/raw\buildings\17956.jpg,buildings
data/raw\buildings\17969.jpg,buildings
data/raw\buildings\17973.jpg,buildings
data/raw\buildings\17977.jpg,buildings
data/raw\buildings\17981.jpg,buildings
data/raw\buildings\17983.jpg,buildings
data/raw\buildings\17989.jpg,buildings
data/raw\buildings\18017.jpg,buildings
data/raw\buildings\18025.jpg,buildings
data/raw\buildings\18026.jpg,buildings
data/raw\buildings\18029.jpg,buildings
data/raw\buildings\18034.jpg,buildings
data/raw\buildings\18037.jpg,buildings
data/raw\buildings\18045.jpg,buildings
data/raw\buildings\18050.jpg,buildings
data/raw\buildings\18052.jpg,buildings
data/raw\buildings\18056.jpg,buildings
data/raw\buildings\18072.jpg,buildings
data/raw\buildings\18079.jpg,buildings
data/raw\buildings\18084.jpg,buildings
data/raw\buildings\18087.jpg,buildings
data/raw\buildings\18099.jpg,buildings
data/raw\buildings\18105.jpg,buildings
data/raw\buildings\18115.jpg,buildings
data/raw\buildings\18133.jpg,buildings
data/raw\buildings\18140.jpg,buildings
data/raw\buildings\18151.jpg,buildings
data/raw\buildings\18156.jpg,buildings
data/raw\buildings\18157.jpg,buildings
data/raw\buildings\18166.jpg,buildings
data/raw\buildings\18167.jpg,buildings
data/raw\buildings\18182.jpg,buildings
data/raw\buildings\18195.jpg,buildings
data/raw\buildings\18201.jpg,buildings
data/raw\buildings\18203.jpg,buildings
data/raw\buildings\18234.jpg,buildings
data/raw\buildings\18235.jpg,buildings
data/raw\buildings\18237.jpg,buildings
data/raw\buildings\18240.jpg,buildings
data/raw\buildings\18252.jpg,buildings
data/raw\buildings\18258.jpg,buildings
data/raw\buildings\18260.jpg,buildings
data/raw\buildings\18272.jpg,buildings
data/raw\buildings\18279.jpg,buildings
data/raw\buildings\18283.jpg,buildings
data/raw\buildings\18289.jpg,buildings
data/raw\buildings\18291.jpg,buildings
data/raw\buildings\18312.jpg,buildings
data/raw\buildings\18321.jpg,buildings
data/raw\buildings\18324.jpg,buildings
data/raw\buildings\18331.jpg,buildings
data/raw\buildings\18335.jpg,buildings
data/raw\buildings\18342.jpg,buildings
data/raw\buildings\18344.jpg,buildings
data/raw\buildings\18364.jpg,buildings
data/raw\buildings\18375.jpg,buildings
data/raw\buildings\18389.jpg,buildings
data/raw\buildings\18397.jpg,buildings
data/raw\buildings\18412.jpg,buildings
data/raw\buildings\18415.jpg,buildings
data/raw\buildings\18419.jpg,buildings
data/raw\buildings\18435.jpg,buildings
data/raw\buildings\18438.jpg,buildings
data/raw\buildings\18446.jpg,buildings
data/raw\buildings\18449.jpg,buildings
data/raw\buildings\18456.jpg,buildings
data/raw\buildings\18467.jpg,buildings
data/raw\buildings\18496.jpg,buildings
data/raw\buildings\18538.jpg,buildings
data/raw\buildings\18542.jpg,buildings
data/raw\buildings\18546.jpg,buildings
data/raw\buildings\18548.jpg,buildings
data/raw\buildings\18550.jpg,buildings
data/raw\buildings\18560.jpg,buildings
data/raw\buildings\18564.jpg,buildings
data/raw\buildings\18565.jpg,buildings
data/raw\buildings\18580.jpg,buildings
data/raw\buildings\18592.jpg,buildings
data/raw\buildings\18593.jpg,buildings
data/raw\buildings\18602.jpg,buildings
data/raw\buildings\18639.jpg,buildings
data/raw\buildings\18655.jpg,buildings
data/raw\buildings\18668.jpg,buildings
data/raw\buildings\18672.jpg,buildings
data/raw\buildings\18676.jpg,buildings
data/raw\buildings\18694.jpg,buildings
data/raw\buildings\18720.jpg,buildings
data/raw\buildings\18725.jpg,buildings
data/raw\buildings\18743.jpg,buildings
data/raw\buildings\18752.jpg,buildings
data/raw\buildings\18755.jpg,buildings
data/raw\buildings\18756.jpg,buildings
data/raw\buildings\18758.jpg,buildings
data/raw\buildings\18767.jpg,buildings
data/raw\buildings\18769.jpg,buildings
data/raw\buildings\18771.jpg,buildings
data/raw\buildings\18772.jpg,buildings
data/raw\buildings\18777.jpg,buildings
data/raw\buildings\18791.jpg,buildings
data/raw\buildings\18793.jpg,buildings
data/raw\buildings\18794.jpg,buildings
data/raw\buildings\18797.jpg,buildings
data/raw\buildings\18814.jpg,buildings
data/raw\buildings\18815.jpg,buildings
data/raw\buildings\18824.jpg,buildings
data/raw\buildings\18846.jpg,buildings
data/raw\buildings\18854.jpg,buildings
data/raw\buildings\18875.jpg,buildings
data/raw\buildings\18881.jpg,buildings
data/raw\buildings\18883.jpg,buildings
data/raw\buildings\18885.jpg,buildings
data/raw\buildings\18887.jpg,buildings
data/raw\buildings\18893.jpg,buildings
data/raw\buildings\18902.jpg,buildings
data/raw\buildings\18917.jpg,buildings
data/raw\buildings\18919.jpg,buildings
data/raw\buildings\18922.jpg,buildings
data/raw\buildings\18934.jpg,buildings
data/raw\buildings\18938.jpg,buildings
data/raw\buildings\18951.jpg,buildings
data/raw\buildings\18959.jpg,buildings
data/raw\buildings\18962.jpg,buildings
data/raw\buildings\18971.jpg,buildings
data/raw\buildings\18991.jpg,buildings
data/raw\buildings\18992.jpg,buildings
data/raw\buildings\18993.jpg,buildings
data/raw\buildings\19003.jpg,buildings
data/raw\buildings\19016.jpg,buildings
data/raw\buildings\19023.jpg,buildings
data/raw\buildings\19032.jpg,buildings
data/raw\buildings\19036.jpg,buildings
data/raw\buildings\19056.jpg,buildings
data/raw\buildings\19057.jpg,buildings
data/raw\buildings\19077.jpg,buildings
data/raw\buildings\19078.jpg,buildings
data/raw\buildings\19080.jpg,buildings
data/raw\buildings\19089.jpg,buildings
data/raw\buildings\19101.jpg,buildings
data/raw\buildings\19104.jpg,buildings
data/raw\buildings\19108.jpg,buildings
data/raw\buildings\19125.jpg,buildings
data/raw\buildings\19126.jpg,buildings
data/raw\buildings\19127.jpg,buildings
data/raw\buildings\19134.jpg,buildings
data/raw\buildings\19150.jpg,buildings
data/raw\buildings\19151.jpg,buildings
data/raw\buildings\19153.jpg,buildings
data/raw\buildings\19159.jpg,buildings
data/raw\buildings\19164.jpg,buildings
data/raw\buildings\19180.jpg,buildings
data/raw\buildings\19217.jpg,buildings
data/raw\buildings\19221.jpg,buildings
data/raw\buildings\19228.jpg,buildings
data/raw\buildings\19245.jpg,buildings
data/raw\buildings\19249.jpg,buildings
data/raw\buildings\19256.jpg,buildings
data/raw\buildings\19260.jpg,buildings
data/raw\buildings\19280.jpg,buildings
data/raw\buildings\19293.jpg,buildings
data/raw\buildings\19302.jpg,buildings
data/raw\buildings\19325.jpg,buildings
data/raw\buildings\19332.jpg,buildings
data/raw\buildings\19344.jpg,buildings
data/raw\buildings\19347.jpg,buildings
data/raw\buildings\19364.jpg,buildings
data/raw\buildings\19374.jpg,buildings
data/raw\buildings\19375.jpg,buildings
data/raw\buildings\19383.jpg,buildings
data/raw\buildings\19386.jpg,buildings
data/raw\buildings\19405.jpg,buildings
data/raw\buildings\19407.jpg,buildings
data/raw\buildings\19416.jpg,buildings
data/raw\buildings\19440.jpg,buildings
data/raw\buildings\19446.jpg,buildings
data/raw\buildings\19447.jpg,buildings
data/raw\buildings\19455.jpg,buildings
data/raw\buildings\19456.jpg,buildings
data/raw\buildings\19460.jpg,buildings
data/raw\buildings\19466.jpg,buildings
data/raw\buildings\19513.jpg,buildings
data/raw\buildings\19526.jpg,buildings
data/raw\buildings\19537.jpg,buildings
data/raw\buildings\19552.jpg,buildings
data/raw\buildings\19556.jpg,buildings
data/raw\buildings\19571.jpg,buildings
data/raw\buildings\19584.jpg,buildings
data/raw\buildings\19595.jpg,buildings
data/raw\buildings\19608.jpg,buildings
data/raw\buildings\19623.jpg,buildings
data/raw\buildings\19624.jpg,buildings
data/raw\buildings\19638.jpg,buildings
data/raw\buildings\19649.jpg,buildings
data/raw\buildings\19661.jpg,buildings
data/raw\buildings\19666.jpg,buildings
data/raw\buildings\19668.jpg,buildings
data/raw\buildings\19674.jpg,buildings
data/raw\buildings\19689.jpg,buildings
data/raw\buildings\19701.jpg,buildings
data/raw\buildings\19713.jpg,buildings
data/raw\buildings\19722.jpg,buildings
data/raw\buildings\19728.jpg,buildings
data/raw\buildings\19735.jpg,buildings
data/raw\buildings\19776.jpg,buildings
data/raw\buildings\19778.jpg,buildings
data/raw\buildings\19782.jpg,buildings
data/raw\buildings\19789.jpg,buildings
data/raw\buildings\19800.jpg,buildings
data/raw\buildings\19802.jpg,buildings
data/raw\buildings\19806.jpg,buildings
data/raw\buildings\19815.jpg,buildings
data/raw\buildings\19816.jpg,buildings
data/raw\buildings\19830.jpg,buildings
data/raw\buildings\19846.jpg,buildings
data/raw\buildings\19848.jpg,buildings
data/raw\buildings\19855.jpg,buildings
data/raw\buildings\19874.jpg,buildings
data/raw\buildings\19895.jpg,buildings
data/raw\buildings\19896.jpg,buildings
data/raw\buildings\19901.jpg,buildings
data/raw\buildings\19910.jpg,buildings
data/raw\buildings\19913.jpg,buildings
data/raw\buildings\19915.jpg,buildings
data/raw\buildings\19923.jpg,buildings
data/raw\buildings\19955.jpg,buildings
data/raw\buildings\19963.jpg,buildings
data/raw\buildings\19969.jpg,buildings
data/raw\buildings\19973.jpg,buildings
data/raw\buildings\19976.jpg,buildings
data/raw\buildings\19978.jpg,buildings
data/raw\buildings\19996.jpg,buildings
data/raw\buildings\20011.jpg,buildings
data/raw\buildings\20017.jpg,buildings
data/raw\buildings\20027.jpg,buildings
data/raw\buildings\20048.jpg,buildings
data/raw\forest\1004.jpg,forest
data/raw\forest\1017.jpg,forest
data/raw\forest\1024.jpg,forest
data/raw\forest\1025.jpg,forest
data/raw\forest\1034.jpg,forest
data/raw\forest\1050.jpg,forest
data/raw\forest\1063.jpg,forest
data/raw\forest\1074.jpg,forest
data/raw\forest\1079.jpg,forest
data/raw\forest\1080.jpg,forest
data/raw\forest\1096.jpg,forest
data/raw\forest\1105.jpg,forest
data/raw\forest\1106.jpg,forest
data/raw\forest\111.jpg,forest
data/raw\forest\1115.jpg,forest
data/raw\forest\1118.jpg,forest
data/raw\forest\1131.jpg,forest
data/raw\forest\114.jpg,forest
data/raw\forest\1144.jpg,forest
data/raw\forest\1145.jpg,forest
data/raw\forest\115.jpg,forest
data/raw\forest\1154.jpg,forest
data/raw\forest\1163.jpg,forest
data/raw\forest\1171.jpg,forest
data/raw\forest\1185.jpg,forest
data/raw\forest\1188.jpg,forest
data/raw\forest\1195.jpg,forest
data/raw\forest\1199.jpg,forest
data/raw\forest\1217.jpg,forest
data/raw\forest\1219.jpg,forest
data/raw\forest\1224.jpg,forest
data/raw\forest\1225.jpg,forest
data/raw\forest\123.jpg,forest
data/raw\forest\1235.jpg,forest
data/raw\forest\1249.jpg,forest
data/raw\forest\1261.jpg,forest
data/raw\forest\1285.jpg,forest
data/raw\forest\1286.jpg,forest
data/raw\forest\1296.jpg,forest
data/raw\forest\131.jpg,forest
data/raw\forest\1315.jpg,forest
data/raw\forest\1331.jpg,forest
data/raw\forest\134.jpg,forest
data/raw\forest\1369.jpg,forest
data/raw\forest\1372.jpg,forest
data/raw\forest\1378.jpg,forest
data/raw\forest\1402.jpg,forest
data/raw\forest\1410.jpg,forest
data/raw\forest\1416.jpg,forest
data/raw\forest\1430.jpg,forest
data/raw\forest\1455.jpg,forest
data/raw\forest\1457.jpg,forest
data/raw\forest\1462.jpg,forest
data/raw\forest\1475.jpg,forest
data/raw\forest\1481.jpg,forest
data/raw\forest\1488.jpg,forest
data/raw\forest\1505.jpg,forest
data/raw\forest\1507.jpg,forest
data/raw\forest\1514.jpg,forest
data/raw\forest\1518.jpg,forest
data/raw\forest\1528.jpg,forest
data/raw\forest\1530.jpg,forest
data/raw\forest\1531.jpg,forest
data/raw\forest\1532.jpg,forest
data/raw\forest\1533.jpg,forest
data/raw\forest\1552.jpg,forest
data/raw\forest\1554.jpg,forest
data/raw\forest\1555.jpg,forest
data/raw\forest\1565.jpg,forest
data/raw\forest\1584.jpg,forest
data/raw\forest\1590.jpg,forest
data/raw\forest\1592.jpg,forest
data/raw\forest\1613.jpg,forest
data/raw\forest\1625.jpg,forest
data/raw\forest\1640.jpg,forest
data/raw\forest\1657.jpg,forest
data/raw\forest\1659.jpg,forest
data/raw\forest\1663.jpg,forest
data/raw\forest\167.jpg,forest
data/raw\forest\1670.jpg,forest
data/raw\forest\1677.jpg,forest
data/raw\forest\1690.jpg,forest
data/raw\forest\1692.jpg,forest
data/raw\forest\170.jpg,forest
data/raw\forest\1705.jpg,forest
data/raw\forest\1710.jpg,forest
data/raw\forest\1720.jpg,forest
data/raw\forest\1728.jpg,forest
data/raw\forest\1729.jpg,forest
data/raw\forest\1733.jpg,forest
data/raw\forest\1736.jpg,forest
data/raw\forest\1747.jpg,forest
data/raw\forest\175.jpg,forest
data/raw\forest\1757.jpg,forest
data/raw\forest\1765.jpg,forest
data/raw\forest\1766.jpg,forest
data/raw\forest\1768.jpg,forest
data/raw\forest\1770.jpg,forest
data/raw\forest\1773.jpg,forest
data/raw\forest\1781.jpg,forest
data/raw\forest\1829.jpg,forest
data/raw\forest\1844.jpg,forest
data/raw\forest\1851.jpg,forest
data/raw\forest\1855.jpg,forest
data/raw\forest\1863.jpg,forest
data/raw\forest\1870.jpg,forest
data/raw\forest\1871.jpg,forest
data/raw\forest\1886.jpg,forest
data/raw\forest\1902.jpg,forest
data/raw\forest\1912.jpg,forest
data/raw\forest\1915.jpg,forest
data/raw\forest\1927.jpg,forest
data/raw\forest\1932.jpg,forest
data/raw\forest\195.jpg,forest
data/raw\forest\1957.jpg,forest
data/raw\forest\1966.jpg,forest
data/raw\forest\1968.jpg,forest
data/raw\forest\1988.jpg,forest
data/raw\forest\1989.jpg,forest
data/raw\forest\2013.jpg,forest
data/raw\forest\2014.jpg,forest
data/raw\forest\2018.jpg,forest
data/raw\forest\2019.jpg,forest
data/raw\forest\2027.jpg,forest
data/raw\forest\2029.jpg,forest
data/raw\forest\2032.jpg,forest
data/raw\forest\2037.jpg,forest
data/raw\forest\2040.jpg,forest
data/raw\forest\2044.jpg,forest
data/raw\forest\2049.jpg,forest
data/raw\forest\2077.jpg,forest
data/raw\forest\2085.jpg,forest
data/raw\forest\2091.jpg,forest
data/raw\forest\2092.jpg,forest
data/raw\forest\2097.jpg,forest
data/raw\forest\2107.jpg,forest
data/raw\forest\2115.jpg,forest
data/raw\forest\2122.jpg,forest
data/raw\forest\2126.jpg,forest
data/raw\forest\2127.jpg,forest
data/raw\forest\2131.jpg,forest
data/raw\forest\2145.jpg,forest
data/raw\forest\2152.jpg,forest
data/raw\forest\2172.jpg,forest
data/raw\forest\219.jpg,forest
data/raw\forest\220.jpg,forest
data/raw\forest\2215.jpg,forest
data/raw\forest\2222.jpg,forest
data/raw\forest\2232.jpg,forest
data/raw\forest\2233.jpg,forest
data/raw\forest\2255.jpg,forest
data/raw\forest\2257.jpg,forest
data/raw\forest\226.jpg,forest
data/raw\forest\2266.jpg,forest
data/raw\forest\2274.jpg,forest
data/raw\forest\2279.jpg,forest
data/raw\forest\2284.jpg,forest
data/raw\forest\2290.jpg,forest
data/raw\forest\2292.jpg,forest
data/raw\forest\2294.jpg,forest
data/raw\forest\23.jpg,forest
data/raw\forest\2306.jpg,forest
data/raw\forest\2307.jpg,forest
data/raw\forest\231.jpg,forest
data/raw\forest\2310.jpg,forest
data/raw\forest\2312.jpg,forest
data/raw\forest\2314.jpg,forest
data/raw\forest\2331.jpg,forest
data/raw\forest\2333.jpg,forest
data/raw\forest\2335.jpg,forest
data/raw\forest\2339.jpg,forest
data/raw\forest\2345.jpg,forest
data/raw\forest\2357.jpg,forest
data/raw\forest\236.jpg,forest
data/raw\forest\2360.jpg,forest
data/raw\forest\2380.jpg,forest
data/raw\forest\2381.jpg,forest
data/raw\forest\2392.jpg,forest
data/raw\forest\2399.jpg,forest
data/raw\forest\240.jpg,forest
data/raw\forest\2400.jpg,forest
data/raw\forest\2410.jpg,forest
data/raw\forest\2445.jpg,forest
data/raw\forest\2457.jpg,forest
data/raw\forest\2465.jpg,forest
data/raw\forest\2468.jpg,forest
data/raw\forest\247.jpg,forest
data/raw\forest\2496.jpg,forest
data/raw\forest\2497.jpg,forest
data/raw\forest\2504.jpg,forest
data/raw\forest\2512.jpg,forest
data/raw\forest\2520.jpg,forest
data/raw\forest\2526.jpg,forest
data/raw\forest\2535.jpg,forest
data/raw\forest\2537.jpg,forest
data/raw\forest\257.jpg,forest
data/raw\forest\2581.jpg,forest
data/raw\forest\2582.jpg,forest
data/raw\forest\2584.jpg,forest
data/raw\forest\2591.jpg,forest
data/raw\forest\2599.jpg,forest
data/raw\forest\2600.jpg,forest
data/raw\forest\2601.jpg,forest
data/raw\forest\2613.jpg,forest
data/raw\forest\2626.jpg,forest
data/raw\forest\2638.jpg,forest
data/raw\forest\2655.jpg,forest
data/raw\forest\2658.jpg,forest
data/raw\forest\2661.jpg,forest
data/raw\forest\267.jpg,forest
data/raw\forest\2674.jpg,forest
data/raw\forest\2676.jpg,forest
data/raw\forest\2681.jpg,forest
data/raw\forest\269.jpg,forest
data/raw\forest\2699.jpg,forest
data/raw\forest\270.jpg,forest
data/raw\forest\2744.jpg,forest
data/raw\forest\2746.jpg,forest
data/raw\forest\277.jpg,forest
data/raw\forest\2787.jpg,forest
data/raw\forest\2793.jpg,forest
data/raw\forest\2800.jpg,forest
data/raw\forest\2831.jpg,forest
data/raw\forest\2840.jpg,forest
data/raw\forest\2849.jpg,forest
data/raw\forest\2859.jpg,forest
data/raw\forest\2862.jpg,forest
data/raw\forest\2888.jpg,forest
data/raw\forest\2889.jpg,forest
data/raw\forest\2892.jpg,forest
data/raw\forest\2893.jpg,forest
data/raw\forest\2894.jpg,forest
data/raw\forest\2900.jpg,forest
data/raw\forest\2909.jpg,forest
data/raw\forest\2914.jpg,forest
data/raw\forest\2921.jpg,forest
data/raw\forest\2923.jpg,forest
data/raw\forest\2924.jpg,forest
data/raw\forest\2942.jpg,forest
data/raw\forest\2947.jpg,forest
data/raw\forest\2949.jpg,forest
data/raw\forest\295.jpg,forest
data/raw\forest\2953.jpg,forest
data/raw\forest\296.jpg,forest
data/raw\forest\2978.jpg,forest
data/raw\forest\2993.jpg,forest
data/raw\forest\3001.jpg,forest
data/raw\forest\3025.jpg,forest
data/raw\forest\3029.jpg,forest
data/raw\forest\3055.jpg,forest
data/raw\forest\3057.jpg,forest
data/raw\forest\3058.jpg,forest
data/raw\forest\3072.jpg,forest
data/raw\forest\3078.jpg,forest
data/raw\forest\3089.jpg,forest
data/raw\forest\3092.jpg,forest
data/raw\forest\3100.jpg,forest
data/raw\forest\3102.jpg,forest
data/raw\forest\3105.jpg,forest
data/raw\forest\3119.jpg,forest
data/raw\forest\3121.jpg,forest
data/raw\forest\3130.jpg,forest
data/raw\forest\3141.jpg,forest
data/raw\forest\3143.jpg,forest
data/raw\forest\3155.jpg,forest
data/raw\forest\316.jpg,forest
data/raw\forest\317.jpg,forest
data/raw\forest\3172.jpg,forest
data/raw\forest\3183.jpg,forest
data/raw\forest\3211.jpg,forest
data/raw\forest\3220.jpg,forest
data/raw\forest\3243.jpg,forest
data/raw\forest\3259.jpg,forest
data/raw\forest\3270.jpg,forest
data/raw\forest\3272.jpg,forest
data/raw\forest\3279.jpg,forest
data/raw\forest\3300.jpg,forest
data/raw\forest\3309.jpg,forest
data/raw\forest\3315.jpg,forest
data/raw\forest\3329.jpg,forest
data/raw\forest\3331.jpg,forest
data/raw\forest\3344.jpg,forest
data/raw\forest\3346.jpg,forest
data/raw\forest\3348.jpg,forest
data/raw\forest\335.jpg,forest
data/raw\forest\3356.jpg,forest
data/raw\forest\3368.jpg,forest
data/raw\forest\3377.jpg,forest
data/raw\forest\3384.jpg,forest
data/raw\forest\3386.jpg,forest
data/raw\forest\3396.jpg,forest
data/raw\forest\3403.jpg,forest
data/raw\forest\3405.jpg,forest
data/raw\forest\3411.jpg,forest
data/raw\forest\3422.jpg,forest
data/raw\forest\3427.jpg,forest
data/raw\forest\3430.jpg,forest
data/raw\forest\3444.jpg,forest
data/raw\forest\3450.jpg,forest
data/raw\forest\3458.jpg,forest
data/raw\forest\3468.jpg,forest
data/raw\forest\3469.jpg,forest
data/raw\forest\3494.jpg,forest
data/raw\forest\3496.jpg,forest
data/raw\forest\3507.jpg,forest
data/raw\forest\352.jpg,forest
data/raw\forest\3532.jpg,forest
data/raw\forest\3542.jpg,forest
data/raw\forest\3551.jpg,forest
data/raw\forest\3558.jpg,forest
data/raw\forest\3559.jpg,forest
data/raw\forest\3574.jpg,forest
data/raw\forest\3582.jpg,forest
data/raw\forest\3583.jpg,forest
data/raw\forest\3591.jpg,forest
data/raw\forest\361.jpg,forest
data/raw\forest\3613.jpg,forest
data/raw\forest\3617.jpg,forest
data/raw\forest\3624.jpg,forest
data/raw\forest\3637.jpg,forest
data/raw\forest\3649.jpg,forest
data/raw\forest\3651.jpg,forest
data/raw\forest\3654.jpg,forest
data/raw\forest\3663.jpg,forest
data/raw\forest\3680.jpg,forest
data/raw\forest\3686.jpg,forest
data/raw\forest\3687.jpg,forest
data/raw\forest\3702.jpg,forest
data/raw\forest\3711.jpg,forest
data/raw\forest\3732.jpg,forest
data/raw\forest\3737.jpg,forest
data/raw\forest\3758.jpg,forest
data/raw\forest\3766.jpg,forest
data/raw\forest\3771.jpg,forest
data/raw\forest\3774.jpg,forest
data/raw\forest\3780.jpg,forest
data/raw\forest\3781.jpg,forest
data/raw\forest\3788.jpg,forest
data/raw\forest\3811.jpg,forest
data/raw\forest\3820.jpg,forest
data/raw\forest\383.jpg,forest
data/raw\forest\3847.jpg,forest
data/raw\forest\3852.jpg,forest
data/raw\forest\3863.jpg,forest
data/raw\forest\3871.jpg,forest
data/raw\forest\3873.jpg,forest
data/raw\forest\3877.jpg,forest
data/raw\forest\3891.jpg,forest
data/raw\forest\3893.jpg,forest
data/raw\forest\3900.jpg,forest
data/raw\forest\3914.jpg,forest
data/raw\forest\3924.jpg,forest
data/raw\forest\3935.jpg,forest
data/raw\forest\3945.jpg,forest
data/raw\forest\3949.jpg,forest
data/raw\forest\3957.jpg,forest
data/raw\forest\3958.jpg,forest
data/raw\forest\3959.jpg,forest
data/raw\forest\3985.jpg,forest
data/raw\forest\3988.jpg,forest
data/raw\forest\3997.jpg,forest
data/raw\forest\4001.jpg,forest
data/raw\forest\4003.jpg,forest
data/raw\forest\4004.jpg,forest
data/raw\forest\4005.jpg,forest
data/raw\forest\4007.jpg,forest
data/raw\forest\4020.jpg,forest
data/raw\forest\4029.jpg,forest
data/raw\forest\4031.jpg,forest
data/raw\forest\4033.jpg,forest
data/raw\forest\4046.jpg,forest
data/raw\forest\4049.jpg,forest
data/raw\forest\405.jpg,forest
data/raw\forest\4051.jpg,forest
data/raw\forest\4052.jpg,forest
data/raw\forest\407.jpg,forest
data/raw\forest\4087.jpg,forest
data/raw\forest\409.jpg,forest
data/raw\forest\4096.jpg,forest
data/raw\forest\41.jpg,forest
data/raw\forest\4103.jpg,forest
data/raw\forest\4106.jpg,forest
data/raw\forest\411.jpg,forest
data/raw\forest\4114.jpg,forest
data/raw\forest\4134.jpg,forest
data/raw\forest\4146.jpg,forest
data/raw\forest\4165.jpg,forest
data/raw\forest\4177.jpg,forest
data/raw\forest\4181.jpg,forest
data/raw\forest\4191.jpg,forest
data/raw\forest\4197.jpg,forest
data/raw\forest\4255.jpg,forest
data/raw\forest\4258.jpg,forest
data/raw\forest\4271.jpg,forest
data/raw\forest\4275.jpg,forest
data/raw\forest\4289.jpg,forest
data/raw\forest\4293.jpg,forest
data/raw\forest\430.jpg,forest
data/raw\forest\4301.jpg,forest
data/raw\forest\4306.jpg,forest
data/raw\forest\4307.jpg,forest
data/raw\forest\4308.jpg,forest
data/raw\forest\4310.jpg,forest
data/raw\forest\4313.jpg,forest
data/raw\forest\4321.jpg,forest
data/raw\forest\4323.jpg,forest
data/raw\forest\4348.jpg,forest
data/raw\forest\4352.jpg,forest
data/raw\forest\4354.jpg,forest
data/raw\forest\4356.jpg,forest
data/raw\forest\4368.jpg,forest
data/raw\forest\4371.jpg,forest
data/raw\forest\438.jpg,forest
data/raw\forest\4381.jpg,forest
data/raw\forest\4393.jpg,forest
data/raw\forest\4397.jpg,forest
data/raw\forest\4399.jpg,forest
data/raw\forest\4413.jpg,forest
data/raw\forest\4421.jpg,forest
data/raw\forest\4426.jpg,forest
data/raw\forest\4444.jpg,forest
data/raw\forest\4474.jpg,forest
data/raw\forest\4475.jpg,forest
data/raw\forest\4484.jpg,forest
data/raw\forest\4498.jpg,forest
data/raw\forest\450.jpg,forest
data/raw\forest\4509.jpg,forest
data/raw\forest\4512.jpg,forest
data/raw\forest\4515.jpg,forest
data/raw\forest\4528.jpg,forest
data/raw\forest\4530.jpg,forest
data/raw\forest\4543.jpg,forest
data/raw\forest\455.jpg,forest
data/raw\forest\4553.jpg,forest
data/raw\forest\4565.jpg,forest
data/raw\forest\4567.jpg,forest
data/raw\forest\4568.jpg,forest
data/raw\forest\4581.jpg,forest
data/raw\forest\4582.jpg,forest
data/raw\forest\4590.jpg,forest
data/raw\forest\46.jpg,forest
data/raw\forest\4605.jpg,forest
data/raw\forest\4616.jpg,forest
data/raw\forest\4627.jpg,forest
data/raw\forest\4628.jpg,forest
data/raw\forest\464.jpg,forest
data/raw\forest\466.jpg,forest
data/raw\forest\4679.jpg,forest
data/raw\forest\4690.jpg,forest
data/raw\forest\4691.jpg,forest
data/raw\forest\4707.jpg,forest
data/raw\forest\4709.jpg,forest
data/raw\forest\472.jpg,forest
data/raw\forest\4723.jpg,forest
data/raw\forest\4737.jpg,forest
data/raw\forest\4738.jpg,forest
data/raw\forest\4739.jpg,forest
data/raw\forest\474.jpg,forest
data/raw\forest\4744.jpg,forest
data/raw\forest\4747.jpg,forest
data/raw\forest\4750.jpg,forest
data/raw\forest\4761.jpg,forest
data/raw\forest\4763.jpg,forest
data/raw\forest\4777.jpg,forest
data/raw\forest\478.jpg,forest
data/raw\forest\479.jpg,forest
data/raw\forest\48.jpg,forest
data/raw\forest\4820.jpg,forest
data/raw\forest\483.jpg,forest
data/raw\forest\4835.jpg,forest
data/raw\forest\4839.jpg,forest
data/raw\forest\4846.jpg,forest
data/raw\forest\4848.jpg,forest
data/raw\forest\4873.jpg,forest
data/raw\forest\489.jpg,forest
data/raw\forest\4899.jpg,forest
data/raw\forest\49.jpg,forest
data/raw\forest\4900.jpg,forest
data/raw\forest\4905.jpg,forest
data/raw\forest\4909.jpg,forest
data/raw\forest\491.jpg,forest
data/raw\forest\4935.jpg,forest
data/raw\forest\4943.jpg,forest
data/raw\forest\4956.jpg,forest
data/raw\forest\4971.jpg,forest
data/raw\forest\4972.jpg,forest
data/raw\forest\4983.jpg,forest
data/raw\forest\4985.jpg,forest
data/raw\forest\5001.jpg,forest
data/raw\forest\5002.jpg,forest
data/raw\forest\5003.jpg,forest
data/raw\forest\5006.jpg,forest
data/raw\forest\501.jpg,forest
data/raw\forest\5014.jpg,forest
data/raw\forest\502.jpg,forest
data/raw\forest\5024.jpg,forest
data/raw\forest\5030.jpg,forest
data/raw\forest\5049.jpg,forest
data/raw\forest\5058.jpg,forest
data/raw\forest\5062.jpg,forest
data/raw\forest\5074.jpg,forest
data/raw\forest\5083.jpg,forest
data/raw\forest\5087.jpg,forest
data/raw\forest\5088.jpg,forest
data/raw\forest\5098.jpg,forest
data/raw\forest\5099.jpg,forest
data/raw\forest\5102.jpg,forest
data/raw\forest\5109.jpg,forest
data/raw\forest\5116.jpg,forest
data/raw\forest\5121.jpg,forest
data/raw\forest\5139.jpg,forest
data/raw\forest\5142.jpg,forest
data/raw\forest\5143.jpg,forest
data/raw\forest\5150.jpg,forest
data/raw\forest\5176.jpg,forest
data/raw\forest\5202.jpg,forest
data/raw\forest\5205.jpg,forest
data/raw\forest\5207.jpg,forest
data/raw\forest\521.jpg,forest
data/raw\forest\5211.jpg,forest
data/raw\forest\5219.jpg,forest
data/raw\forest\5238.jpg,forest
data/raw\forest\524.jpg,forest
data/raw\forest\5246.jpg,forest
data/raw\forest\5247.jpg,forest
data/raw\forest\5248.jpg,forest
data/raw\forest\5250.jpg,forest
data/raw\forest\5266.jpg,forest
data/raw\forest\5311.jpg,forest
data/raw\forest\5323.jpg,forest
data/raw\forest\5325.jpg,forest
data/raw\forest\5326.jpg,forest
data/raw\forest\533.jpg,forest
data/raw\forest\5335.jpg,forest
data/raw\forest\534.jpg,forest
data/raw\forest\5341.jpg,forest
data/raw\forest\5342.jpg,forest
data/raw\forest\5345.jpg,forest
data/raw\forest\5349.jpg,forest
data/raw\forest\5352.jpg,forest
data/raw\forest\5360.jpg,forest
data/raw\forest\5372.jpg,forest
data/raw\forest\5378.jpg,forest
data/raw\forest\5404.jpg,forest
data/raw\forest\5406.jpg,forest
data/raw\forest\5413.jpg,forest
data/raw\forest\5438.jpg,forest
data/raw\forest\545.jpg,forest
data/raw\forest\5456.jpg,forest
data/raw\forest\5462.jpg,forest
data/raw\forest\5483.jpg,forest
data/raw\forest\5517.jpg,forest
data/raw\forest\5518.jpg,forest
data/raw\forest\5524.jpg,forest
data/raw\forest\5531.jpg,forest
data/raw\forest\5534.jpg,forest
data/raw\forest\5544.jpg,forest
data/raw\forest\5547.jpg,forest
data/raw\forest\5574.jpg,forest
data/raw\forest\5575.jpg,forest
data/raw\forest\558.jpg,forest
data/raw\forest\5582.jpg,forest
data/raw\forest\5587.jpg,forest
data/raw\forest\5591.jpg,forest
data/raw\forest\5594.jpg,forest
data/raw\forest\5606.jpg,forest
data/raw\forest\5610.jpg,forest
data/raw\forest\5643.jpg,forest
data/raw\forest\5644.jpg,forest
data/raw\forest\566.jpg,forest
data/raw\forest\567.jpg,forest
data/raw\forest\5673.jpg,forest
data/raw\forest\5674.jpg,forest
data/raw\forest\5682.jpg,forest
data/raw\forest\5704.jpg,forest
data/raw\forest\5711.jpg,forest
data/raw\forest\5726.jpg,forest
data/raw\forest\5729.jpg,forest
data/raw\forest\573.jpg,forest
data/raw\forest\5742.jpg,forest
data/raw\forest\5754.jpg,forest
data/raw\forest\5759.jpg,forest
data/raw\forest\5767.jpg,forest
data/raw\forest\5769.jpg,forest
data/raw\forest\5781.jpg,forest
data/raw\forest\5783.jpg,forest
data/raw\forest\5785.jpg,forest
data/raw\forest\5786.jpg,forest
data/raw\forest\5804.jpg,forest
data/raw\forest\5808.jpg,forest
data/raw\forest\581.jpg,forest
data/raw\forest\5814.jpg,forest
data/raw\forest\5816.jpg,forest
data/raw\forest\5818.jpg,forest
data/raw\forest\5824.jpg,forest
data/raw\forest\5825.jpg,forest
data/raw\forest\583.jpg,forest
data/raw\forest\5834.jpg,forest
data/raw\forest\5835.jpg,forest
data/raw\forest\5840.jpg,forest
data/raw\forest\5850.jpg,forest
data/raw\forest\5860.jpg,forest
data/raw\forest\5861.jpg,forest
data/raw\forest\587.jpg,forest
data/raw\forest\5872.jpg,forest
data/raw\forest\5875.jpg,forest
data/raw\forest\5879.jpg,forest
data/raw\forest\5880.jpg,forest
data/raw\forest\5899.jpg,forest
data/raw\forest\5912.jpg,forest
data/raw\forest\5920.jpg,forest
data/raw\forest\5932.jpg,forest
data/raw\forest\5935.jpg,forest
data/raw\forest\5941.jpg,forest
data/raw\forest\5944.jpg,forest
data/raw\forest\5950.jpg,forest
data/raw\forest\597.jpg,forest
data/raw\forest\5973.jpg,forest
data/raw\forest\5988.jpg,forest
data/raw\forest\5992.jpg,forest
data/raw\forest\6004.jpg,forest
data/raw\forest\6008.jpg,forest
data/raw\forest\6016.jpg,forest
data/raw\forest\6021.jpg,forest
data/raw\forest\6035.jpg,forest
data/raw\forest\6040.jpg,forest
data/raw\forest\6042.jpg,forest
data/raw\forest\6049.jpg,forest
data/raw\forest\6056.jpg,forest
data/raw\forest\6061.jpg,forest
data/raw\forest\6065.jpg,forest
data/raw\forest\6085.jpg,forest
data/raw\forest\6086.jpg,forest
data/raw\forest\6098.jpg,forest
data/raw\forest\6099.jpg,forest
data/raw\forest\6104.jpg,forest
data/raw\forest\6106.jpg,forest
data/raw\forest\6112.jpg,forest
data/raw\forest\6127.jpg,forest
data/raw\forest\6131.jpg,forest
data/raw\forest\6137.jpg,forest
data/raw\forest\6153.jpg,forest
data/raw\forest\6154.jpg,forest
data/raw\forest\6161.jpg,forest
data/raw\forest\6169.jpg,forest
data/raw\forest\6188.jpg,forest
data/raw\forest\6196.jpg,forest
data/raw\forest\6223.jpg,forest
data/raw\forest\6252.jpg,forest
data/raw\forest\6258.jpg,forest
data/raw\forest\627.jpg,forest
data/raw\forest\628.jpg,forest
data/raw\forest\6287.jpg,forest
data/raw\forest\6294.jpg,forest
data/raw\forest\6310.jpg,forest
data/raw\forest\6317.jpg,forest
data/raw\forest\6324.jpg,forest
data/raw\forest\6325.jpg,forest
data/raw\forest\6341.jpg,forest
data/raw\forest\636.jpg,forest
data/raw\forest\6366.jpg,forest
data/raw\forest\6380.jpg,forest
data/raw\forest\6389.jpg,forest
data/raw\forest\639.jpg,forest
data/raw\forest\6395.jpg,forest
data/raw\forest\6441.jpg,forest
data/raw\forest\6456.jpg,forest
data/raw\forest\6458.jpg,forest
data/raw\forest\6480.jpg,forest
data/raw\forest\6490.jpg,forest
data/raw\forest\6496.jpg,forest
data/raw\forest\650.jpg,forest
data/raw\forest\651.jpg,forest
data/raw\forest\6511.jpg,forest
data/raw\forest\6514.jpg,forest
data/raw\forest\6517.jpg,forest
data/raw\forest\6522.jpg,forest
data/raw\forest\6523.jpg,forest
data/raw\forest\6527.jpg,forest
data/raw\forest\6530.jpg,forest
data/raw\forest\6532.jpg,forest
data/raw\forest\6533.jpg,forest
data/raw\forest\6551.jpg,forest
data/raw\forest\6555.jpg,forest
data/raw\forest\6566.jpg,forest
data/raw\forest\6578.jpg,forest
data/raw\forest\6590.jpg,forest
data/raw\forest\6616.jpg,forest
data/raw\forest\6618.jpg,forest
data/raw\forest\663.jpg,forest
data/raw\forest\6646.jpg,forest
data/raw\forest\6653.jpg,forest
data/raw\forest\6654.jpg,forest
data/raw\forest\6655.jpg,forest
data/raw\forest\6661.jpg,forest
data/raw\forest\6662.jpg,forest
data/raw\forest\6666.jpg,forest
data/raw\forest\6669.jpg,forest
data/raw\forest\6680.jpg,forest
data/raw\forest\6687.jpg,forest
data/raw\forest\6723.jpg,forest
data/raw\forest\6746.jpg,forest
data/raw\forest\6765.jpg,forest
data/raw\forest\6779.jpg,forest
data/raw\forest\678.jpg,forest
data/raw\forest\6789.jpg,forest
data/raw\forest\6803.jpg,forest
data/raw\forest\6804.jpg,forest
data/raw\forest\6805.jpg,forest
data/raw\forest\6812.jpg,forest
data/raw\forest\6818.jpg,forest
data/raw\forest\6823.jpg,forest
data/raw\forest\6824.jpg,forest
data/raw\forest\6836.jpg,forest
data/raw\forest\6851.jpg,forest
data/raw\forest\6854.jpg,forest
data/raw\forest\6866.jpg,forest
data/raw\forest\6870.jpg,forest
data/raw\forest\6876.jpg,forest
data/raw\forest\6887.jpg,forest
data/raw\forest\6889.jpg,forest
data/raw\forest\6893.jpg,forest
data/raw\forest\6896.jpg,forest
data/raw\forest\6899.jpg,forest
data/raw\forest\690.jpg,forest
data/raw\forest\6902.jpg,forest
data/raw\forest\6910.jpg,forest
data/raw\forest\6936.jpg,forest
data/raw\forest\6940.jpg,forest
data/raw\forest\6963.jpg,forest
data/raw\forest\6968.jpg,forest
data/raw\forest\6985.jpg,forest
data/raw\forest\6990.jpg,forest
data/raw\forest\7003.jpg,forest
data/raw\forest\7007.jpg,forest
data/raw\forest\7009.jpg,forest
data/raw\forest\701.jpg,forest
data/raw\forest\7012.jpg,forest
data/raw\forest\7032.jpg,forest
data/raw\forest\7045.jpg,forest
data/raw\forest\7048.jpg,forest
data/raw\forest\7053.jpg,forest
data/raw\forest\7056.jpg,forest
data/raw\forest\7059.jpg,forest
data/raw\forest\7062.jpg,forest
data/raw\forest\7080.jpg,forest
data/raw\forest\7093.jpg,forest
data/raw\forest\7097.jpg,forest
data/raw\forest\7102.jpg,forest
data/raw\forest\7123.jpg,forest
data/raw\forest\7125.jpg,forest
data/raw\forest\7128.jpg,forest
data/raw\forest\713.jpg,forest
data/raw\forest\7135.jpg,forest
data/raw\forest\714.jpg,forest
data/raw\forest\7140.jpg,forest
data/raw\forest\7145.jpg,forest
data/raw\forest\7163.jpg,forest
data/raw\forest\717.jpg,forest
data/raw\forest\7174.jpg,forest
data/raw\forest\7175.jpg,forest
data/raw\forest\7179.jpg,forest
data/raw\forest\7184.jpg,forest
data/raw\forest\7188.jpg,forest
data/raw\forest\7198.jpg,forest
data/raw\forest\722.jpg,forest
data/raw\forest\7231.jpg,forest
data/raw\forest\7238.jpg,forest
data/raw\forest\724.jpg,forest
data/raw\forest\725.jpg,forest
data/raw\forest\7261.jpg,forest
data/raw\forest\7271.jpg,forest
data/raw\forest\7274.jpg,forest
data/raw\forest\7285.jpg,forest
data/raw\forest\7320.jpg,forest
data/raw\forest\733.jpg,forest
data/raw\forest\7339.jpg,forest
data/raw\forest\7345.jpg,forest
data/raw\forest\7363.jpg,forest
data/raw\forest\7378.jpg,forest
data/raw\forest\7388.jpg,forest
data/raw\forest\7408.jpg,forest
data/raw\forest\7409.jpg,forest
data/raw\forest\7411.jpg,forest
data/raw\forest\7414.jpg,forest
data/raw\forest\7417.jpg,forest
data/raw\forest\7440.jpg,forest
data/raw\forest\7479.jpg,forest
data/raw\forest\7482.jpg,forest
data/raw\forest\7490.jpg,forest
data/raw\forest\7507.jpg,forest
data/raw\forest\7522.jpg,forest
data/raw\forest\753.jpg,forest
data/raw\forest\7532.jpg,forest
data/raw\forest\7556.jpg,forest
data/raw\forest\7561.jpg,forest
data/raw\forest\757.jpg,forest
data/raw\forest\7571.jpg,forest
data/raw\forest\758.jpg,forest
data/raw\forest\7587.jpg,forest
data/raw\forest\7590.jpg,forest
data/raw\forest\7595.jpg,forest
data/raw\forest\7616.jpg,forest
data/raw\forest\7617.jpg,forest
data/raw\forest\7621.jpg,forest
data/raw\forest\7629.jpg,forest
data/raw\forest\7644.jpg,forest
data/raw\forest\7665.jpg,forest
data/raw\forest\7674.jpg,forest
data/raw\forest\768.jpg,forest
data/raw\forest\7683.jpg,forest
data/raw\forest\7686.jpg,forest
data/raw\forest\769.jpg,forest
data/raw\forest\7694.jpg,forest
data/raw\forest\7696.jpg,forest
data/raw\forest\7704.jpg,forest
data/raw\forest\7709.jpg,forest
data/raw\forest\7720.jpg,forest
data/raw\forest\7724.jpg,forest
data/raw\forest\7747.jpg,forest
data/raw\forest\7756.jpg,forest
data/raw\forest\7773.jpg,forest
data/raw\forest\778.jpg,forest
data/raw\forest\7793.jpg,forest
data/raw\forest\7799.jpg,forest
data/raw\forest\7802.jpg,forest
data/raw\forest\7803.jpg,forest
data/raw\forest\7805.jpg,forest
data/raw\forest\7812.jpg,forest
data/raw\forest\7814.jpg,forest
data/raw\forest\7826.jpg,forest
data/raw\forest\783.jpg,forest
data/raw\forest\7833.jpg,forest
data/raw\forest\7838.jpg,forest
data/raw\forest\7847.jpg,forest
data/raw\forest\7852.jpg,forest
data/raw\forest\7854.jpg,forest
data/raw\forest\7873.jpg,forest
data/raw\forest\7874.jpg,forest
data/raw\forest\7884.jpg,forest
data/raw\forest\7886.jpg,forest
data/raw\forest\7899.jpg,forest
data/raw\forest\7913.jpg,forest
data/raw\forest\7914.jpg,forest
data/raw\forest\7915.jpg,forest
data/raw\forest\7916.jpg,forest
data/raw\forest\7932.jpg,forest
data/raw\forest\7936.jpg,forest
data/raw\forest\7940.jpg,forest
data/raw\forest\7947.jpg,forest
data/raw\forest\7949.jpg,forest
data/raw\forest\7955.jpg,forest
data/raw\forest\7963.jpg,forest
data/raw\forest\7972.jpg,forest
data/raw\forest\7977.jpg,forest
data/raw\forest\7981.jpg,forest
data/raw\forest\8.jpg,forest
data/raw\forest\8016.jpg,forest
data/raw\forest\8019.jpg,forest
data/raw\forest\8023.jpg,forest
data/raw\forest\8033.jpg,forest
data/raw\forest\8034.jpg,forest
data/raw\forest\8047.jpg,forest
data/raw\forest\8064.jpg,forest
data/raw\forest\8069.jpg,forest
data/raw\forest\8076.jpg,forest
data/raw\forest\8087.jpg,forest
data/raw\forest\8112.jpg,forest
data/raw\forest\8113.jpg,forest
data/raw\forest\8124.jpg,forest
data/raw\forest\813.jpg,forest
data/raw\forest\814.jpg,forest
data/raw\forest\8140.jpg,forest
data/raw\forest\8145.jpg,forest
data/raw\forest\8162.jpg,forest
data/raw\forest\8166.jpg,forest
data/raw\forest\8177.jpg,forest
data/raw\forest\8178.jpg,forest
data/raw\forest\8183.jpg,forest
data/raw\forest\8188.jpg,forest
data/raw\forest\8198.jpg,forest
data/raw\forest\8208.jpg,forest
data/raw\forest\8210.jpg,forest
data/raw\forest\8219.jpg,forest
data/raw\forest\8236.jpg,forest
data/raw\forest\8255.jpg,forest
data/raw\forest\8273.jpg,forest
data/raw\forest\8275.jpg,forest
data/raw\forest\8276.jpg,forest
data/raw\forest\8277.jpg,forest
data/raw\forest\8295.jpg,forest
data/raw\forest\8298.jpg,forest
data/raw\forest\8301.jpg,forest
data/raw\forest\8309.jpg,forest
data/raw\forest\8328.jpg,forest
data/raw\forest\8333.jpg,forest
data/raw\forest\8337.jpg,forest
data/raw\forest\8338.jpg,forest
data/raw\forest\8352.jpg,forest
data/raw\forest\8379.jpg,forest
data/raw\forest\838.jpg,forest
data/raw\forest\8384.jpg,forest
data/raw\forest\8389.jpg,forest
data/raw\forest\8394.jpg,forest
data/raw\forest\8407.jpg,forest
data/raw\forest\8412.jpg,forest
data/raw\forest\842.jpg,forest
data/raw\forest\8424.jpg,forest
data/raw\forest\8427.jpg,forest
data/raw\forest\8442.jpg,forest
data/raw\forest\8448.jpg,forest
data/raw\forest\845.jpg,forest
data/raw\forest\8452.jpg,forest
data/raw\forest\8459.jpg,forest
data/raw\forest\8460.jpg,forest
data/raw\forest\8471.jpg,forest
data/raw\forest\8480.jpg,forest
data/raw\forest\8494.jpg,forest
data/raw\forest\8495.jpg,forest
data/raw\forest\8497.jpg,forest
data/raw\forest\850.jpg,forest
data/raw\forest\8510.jpg,forest
data/raw\forest\8511.jpg,forest
data/raw\forest\8519.jpg,forest
data/raw\forest\853.jpg,forest
data/raw\forest\8531.jpg,forest
data/raw\forest\8537.jpg,forest
data/raw\forest\8539.jpg,forest
data/raw\forest\8545.jpg,forest
data/raw\forest\8554.jpg,forest
data/raw\forest\8559.jpg,forest
data/raw\forest\8563.jpg,forest
data/raw\forest\8565.jpg,forest
data/raw\forest\8566.jpg,forest
data/raw\forest\8567.jpg,forest
data/raw\forest\8579.jpg,forest
data/raw\forest\8580.jpg,forest
data/raw\forest\8588.jpg,forest
data/raw\forest\859.jpg,forest
data/raw\forest\8595.jpg,forest
data/raw\forest\8599.jpg,forest
data/raw\forest\8600.jpg,forest
data/raw\forest\8627.jpg,forest
data/raw\forest\8633.jpg,forest
data/raw\forest\8634.jpg,forest
data/raw\forest\8637.jpg,forest
data/raw\forest\8644.jpg,forest
data/raw\forest\8660.jpg,forest
data/raw\forest\8674.jpg,forest
data/raw\forest\8688.jpg,forest
data/raw\forest\8689.jpg,forest
data/raw\forest\8694.jpg,forest
data/raw\forest\8696.jpg,forest
data/raw\forest\8707.jpg,forest
data/raw\forest\8711.jpg,forest
data/raw\forest\8719.jpg,forest
data/raw\forest\8732.jpg,forest
data/raw\forest\8737.jpg,forest
data/raw\forest\8738.jpg,forest
data/raw\forest\8740.jpg,forest
data/raw\forest\8743.jpg,forest
data/raw\forest\8745.jpg,forest
data/raw\forest\8750.jpg,forest
data/raw\forest\876.jpg,forest
data/raw\forest\8764.jpg,forest
data/raw\forest\8769.jpg,forest
data/raw\forest\8778.jpg,forest
data/raw\forest\8787.jpg,forest
data/raw\forest\8790.jpg,forest
data/raw\forest\8796.jpg,forest
data/raw\forest\8805.jpg,forest
data/raw\forest\8827.jpg,forest
data/raw\forest\8850.jpg,forest
data/raw\forest\8856.jpg,forest
data/raw\forest\8857.jpg,forest
data/raw\forest\8860.jpg,forest
data/raw\forest\887.jpg,forest
data/raw\forest\8889.jpg,forest
data/raw\forest\8899.jpg,forest
data/raw\forest\8905.jpg,forest
data/raw\forest\8906.jpg,forest
data/raw\forest\8913.jpg,forest
data/raw\forest\8918.jpg,forest
data/raw\forest\8938.jpg,forest
data/raw\forest\8950.jpg,forest
data/raw\forest\903.jpg,forest
data/raw\forest\915.jpg,forest
data/raw\forest\923.jpg,forest
data/raw\forest\925.jpg,forest
data/raw\forest\928.jpg,forest
data/raw\forest\929.jpg,forest
data/raw\forest\938.jpg,forest
data/raw\forest\943.jpg,forest
data/raw\forest\954.jpg,forest
data/raw\forest\958.jpg,forest
data/raw\forest\966.jpg,forest
data/raw\forest\978.jpg,forest
data/raw\forest\98.jpg,forest
data/raw\forest\980.jpg,forest
data/raw\forest\997.jpg,forest
data/raw\glacier\11652.jpg,glacier
data/raw\glacier\11657.jpg,glacier
data/raw\glacier\11663.jpg,glacier
data/raw\glacier\11676.jpg,glacier
data/raw\glacier\11702.jpg,glacier
data/raw\glacier\11706.jpg,glacier
data/raw\glacier\11709.jpg,glacier
data/raw\glacier\11727.jpg,glacier
data/raw\glacier\11733.jpg,glacier
data/raw\glacier\11734.jpg,glacier
data/raw\glacier\11736.jpg,glacier
data/raw\glacier\11741.jpg,glacier
data/raw\glacier\11747.jpg,glacier
data/raw\glacier\11759.jpg,glacier
data/raw\glacier\11768.jpg,glacier
data/raw\glacier\11774.jpg,glacier
data/raw\glacier\11787.jpg,glacier
data/raw\glacier\11821.jpg,glacier
data/raw\glacier\11824.jpg,glacier
data/raw\glacier\11825.jpg,glacier
data/raw\glacier\11829.jpg,glacier
data/raw\glacier\11831.jpg,glacier
data/raw\glacier\11833.jpg,glacier
data/raw\glacier\11834.jpg,glacier
data/raw\glacier\11843.jpg,glacier
data/raw\glacier\11875.jpg,glacier
data/raw\glacier\11878.jpg,glacier
data/raw\glacier\11911.jpg,glacier
data/raw\glacier\11914.jpg,glacier
data/raw\glacier\11928.jpg,glacier
data/raw\glacier\11936.jpg,glacier
data/raw\glacier\11943.jpg,glacier
data/raw\glacier\11952.jpg,glacier
data/raw\glacier\11966.jpg,glacier
data/raw\glacier\11970.jpg,glacier
data/raw\glacier\11986.jpg,glacier
data/raw\glacier\11988.jpg,glacier
data/raw\glacier\11994.jpg,glacier
data/raw\glacier\12004.jpg,glacier
data/raw\glacier\12009.jpg,glacier
data/raw\glacier\12011.jpg,glacier
data/raw\glacier\12025.jpg,glacier
data/raw\glacier\12031.jpg,glacier
data/raw\glacier\12035.jpg,glacier
data/raw\glacier\12039.jpg,glacier
data/raw\glacier\12044.jpg,glacier
data/raw\glacier\12053.jpg,glacier
data/raw\glacier\12075.jpg,glacier
data/raw\glacier\12083.jpg,glacier
data/raw\glacier\12093.jpg,glacier
data/raw\glacier\12097.jpg,glacier
data/raw\glacier\12101.jpg,glacier
data/raw\glacier\12111.jpg,glacier
data/raw\glacier\12114.jpg,glacier
data/raw\glacier\12120.jpg,glacier
data/raw\glacier\12122.jpg,glacier
data/raw\glacier\12127.jpg,glacier
data/raw\glacier\12136.jpg,glacier
data/raw\glacier\12148.jpg,glacier
data/raw\glacier\12152.jpg,glacier
data/raw\glacier\12166.jpg,glacier
data/raw\glacier\12173.jpg,glacier
data/raw\glacier\12175.jpg,glacier
data/raw\glacier\12181.jpg,glacier
data/raw\glacier\12186.jpg,glacier
data/raw\glacier\12187.jpg,glacier
data/raw\glacier\12190.jpg,glacier
data/raw\glacier\12194.jpg,glacier
data/raw\glacier\12209.jpg,glacier
data/raw\glacier\12224.jpg,glacier
data/raw\glacier\12236.jpg,glacier
data/raw\glacier\12242.jpg,glacier
data/raw\glacier\12245.jpg,glacier
data/raw\glacier\12247.jpg,glacier
data/raw\glacier\12248.jpg,glacier
data/raw\glacier\12260.jpg,glacier
data/raw\glacier\12292.jpg,glacier
data/raw\glacier\12294.jpg,glacier
data/raw\glacier\12301.jpg,glacier
data/raw\glacier\12304.jpg,glacier
data/raw\glacier\12322.jpg,glacier
data/raw\glacier\12328.jpg,glacier
data/raw\glacier\12333.jpg,glacier
data/raw\glacier\12342.jpg,glacier
data/raw\glacier\12343.jpg,glacier
data/raw\glacier\12358.jpg,glacier
data/raw\glacier\12365.jpg,glacier
data/raw\glacier\12366.jpg,glacier
data/raw\glacier\12367.jpg,glacier
data/raw\glacier\12369.jpg,glacier
data/raw\glacier\12378.jpg,glacier
data/raw\glacier\12387.jpg,glacier
data/raw\glacier\12401.jpg,glacier
data/raw\glacier\12410.jpg,glacier
data/raw\glacier\12411.jpg,glacier
data/raw\glacier\12414.jpg,glacier
data/raw\glacier\12418.jpg,glacier
data/raw\glacier\12425.jpg,glacier
data/raw\glacier\12436.jpg,glacier
data/raw\glacier\12440.jpg,glacier
data/raw\glacier\12444.jpg,glacier
data/raw\glacier\12452.jpg,glacier
data/raw\glacier\12463.jpg,glacier
data/raw\glacier\12468.jpg,glacier
data/raw\glacier\12470.jpg,glacier
data/raw\glacier\12473.jpg,glacier
data/raw\glacier\12478.jpg,glacier
data/raw\glacier\12482.jpg,glacier
data/raw\glacier\12492.jpg,glacier
data/raw\glacier\12495.jpg,glacier
data/raw\glacier\12502.jpg,glacier
data/raw\glacier\12503.jpg,glacier
data/raw\glacier\12508.jpg,glacier
data/raw\glacier\12510.jpg,glacier
data/raw\glacier\12519.jpg,glacier
data/raw\glacier\12524.jpg,glacier
data/raw\glacier\12531.jpg,glacier
data/raw\glacier\12532.jpg,glacier
data/raw\glacier\12565.jpg,glacier
data/raw\glacier\12570.jpg,glacier
data/raw\glacier\12574.jpg,glacier
data/raw\glacier\12580.jpg,glacier
data/raw\glacier\12583.jpg,glacier
data/raw\glacier\12593.jpg,glacier
data/raw\glacier\12605.jpg,glacier
data/raw\glacier\12611.jpg,glacier
data/raw\glacier\12624.jpg,glacier
data/raw\glacier\12634.jpg,glacier
data/raw\glacier\12637.jpg,glacier
data/raw\glacier\12647.jpg,glacier
data/raw\glacier\12660.jpg,glacier
data/raw\glacier\12666.jpg,glacier
data/raw\glacier\12691.jpg,glacier
data/raw\glacier\12695.jpg,glacier
data/raw\glacier\12697.jpg,glacier
data/raw\glacier\12705.jpg,glacier
data/raw\glacier\12723.jpg,glacier
data/raw\glacier\12732.jpg,glacier
data/raw\glacier\12735.jpg,glacier
data/raw\glacier\12742.jpg,glacier
data/raw\glacier\12746.jpg,glacier
data/raw\glacier\12754.jpg,glacier
data/raw\glacier\12792.jpg,glacier
data/raw\glacier\12793.jpg,glacier
data/raw\glacier\12794.jpg,glacier
data/raw\glacier\12803.jpg,glacier
data/raw\glacier\12805.jpg,glacier
data/raw\glacier\12807.jpg,glacier
data/raw\glacier\12810.jpg,glacier
data/raw\glacier\12819.jpg,glacier
data/raw\glacier\12840.jpg,glacier
data/raw\glacier\12845.jpg,glacier
data/raw\glacier\12858.jpg,glacier
data/raw\glacier\12862.jpg,glacier
data/raw\glacier\12865.jpg,glacier
data/raw\glacier\12872.jpg,glacier
data/raw\glacier\12873.jpg,glacier
data/raw\glacier\12893.jpg,glacier
data/raw\glacier\12897.jpg,glacier
data/raw\glacier\12908.jpg,glacier
data/raw\glacier\12919.jpg,glacier
data/raw\glacier\12924.jpg,glacier
data/raw\glacier\12948.jpg,glacier
data/raw\glacier\12955.jpg,glacier
data/raw\glacier\12957.jpg,glacier
data/raw\glacier\12974.jpg,glacier
data/raw\glacier\12983.jpg,glacier
data/raw\glacier\12998.jpg,glacier
data/raw\glacier\13003.jpg,glacier
data/raw\glacier\13009.jpg,glacier
data/raw\glacier\13032.jpg,glacier
data/raw\glacier\13040.jpg,glacier
data/raw\glacier\13048.jpg,glacier
data/raw\glacier\13052.jpg,glacier
data/raw\glacier\13056.jpg,glacier
data/raw\glacier\13058.jpg,glacier
data/raw\glacier\13059.jpg,glacier
data/raw\glacier\13083.jpg,glacier
data/raw\glacier\13089.jpg,glacier
data/raw\glacier\13093.jpg,glacier
data/raw\glacier\13097.jpg,glacier
data/raw\glacier\13103.jpg,glacier
data/raw\glacier\13108.jpg,glacier
data/raw\glacier\13147.jpg,glacier
data/raw\glacier\13158.jpg,glacier
data/raw\glacier\13181.jpg,glacier
data/raw\glacier\13182.jpg,glacier
data/raw\glacier\13186.jpg,glacier
data/raw\glacier\13189.jpg,glacier
data/raw\glacier\13198.jpg,glacier
data/raw\glacier\13201.jpg,glacier
data/raw\glacier\13205.jpg,glacier
data/raw\glacier\13217.jpg,glacier
data/raw\glacier\13228.jpg,glacier
data/raw\glacier\13231.jpg,glacier
data/raw\glacier\13242.jpg,glacier
data/raw\glacier\13244.jpg,glacier
data/raw\glacier\13251.jpg,glacier
data/raw\glacier\13264.jpg,glacier
data/raw\glacier\13265.jpg,glacier
data/raw\glacier\13266.jpg,glacier
data/raw\glacier\13267.jpg,glacier
data/raw\glacier\13278.jpg,glacier
data/raw\glacier\13279.jpg,glacier
data/raw\glacier\13285.jpg,glacier
data/raw\glacier\13288.jpg,glacier
data/raw\glacier\13300.jpg,glacier
data/raw\glacier\13301.jpg,glacier
data/raw\glacier\13328.jpg,glacier
data/raw\glacier\13332.jpg,glacier
data/raw\glacier\13353.jpg,glacier
data/raw\glacier\13354.jpg,glacier
data/raw\glacier\13362.jpg,glacier
data/raw\glacier\13384.jpg,glacier
data/raw\glacier\13385.jpg,glacier
data/raw\glacier\13402.jpg,glacier
data/raw\glacier\13403.jpg,glacier
data/raw\glacier\13417.jpg,glacier
data/raw\glacier\13420.jpg,glacier
data/raw\glacier\13421.jpg,glacier
data/raw\glacier\13422.jpg,glacier
data/raw\glacier\13427.jpg,glacier
data/raw\glacier\13429.jpg,glacier
data/raw\glacier\13440.jpg,glacier
data/raw\glacier\13483.jpg,glacier
data/raw\glacier\13504.jpg,glacier
data/raw\glacier\13515.jpg,glacier
data/raw\glacier\13521.jpg,glacier
data/raw\glacier\13525.jpg,glacier
data/raw\glacier\13527.jpg,glacier
data/raw\glacier\13575.jpg,glacier
data/raw\glacier\13593.jpg,glacier
data/raw\glacier\13597.jpg,glacier
data/raw\glacier\13602.jpg,glacier
data/raw\glacier\13608.jpg,glacier
data/raw\glacier\13625.jpg,glacier
data/raw\glacier\13631.jpg,glacier
data/raw\glacier\13635.jpg,glacier
data/raw\glacier\13638.jpg,glacier
data/raw\glacier\13644.jpg,glacier
data/raw\glacier\13651.jpg,glacier
data/raw\glacier\13652.jpg,glacier
data/raw\glacier\13667.jpg,glacier
data/raw\glacier\13677.jpg,glacier
data/raw\glacier\13678.jpg,glacier
data/raw\glacier\13691.jpg,glacier
data/raw\glacier\13700.jpg,glacier
data/raw\glacier\13701.jpg,glacier
data/raw\glacier\13706.jpg,glacier
data/raw\glacier\13709.jpg,glacier
data/raw\glacier\13722.jpg,glacier
data/raw\glacier\13725.jpg,glacier
data/raw\glacier\13729.jpg,glacier
data/raw\glacier\13734.jpg,glacier
data/raw\glacier\13742.jpg,glacier
data/raw\glacier\13743.jpg,glacier
data/raw\glacier\13749.jpg,glacier
data/raw\glacier\13764.jpg,glacier
data/raw\glacier\13766.jpg,glacier
data/raw\glacier\13771.jpg,glacier
data/raw\glacier\13773.jpg,glacier
data/raw\glacier\13775.jpg,glacier
data/raw\glacier\13776.jpg,glacier
data/raw\glacier\13783.jpg,glacier
data/raw\glacier\13800.jpg,glacier
data/raw\glacier\13801.jpg,glacier
data/raw\glacier\13803.jpg,glacier
data/raw\glacier\13808.jpg,glacier
data/raw\glacier\13811.jpg,glacier
data/raw\glacier\13820.jpg,glacier
data/raw\glacier\13821.jpg,glacier
data/raw\glacier\13842.jpg,glacier
data/raw\glacier\13847.jpg,glacier
data/raw\glacier\13854.jpg,glacier
data/raw\glacier\13857.jpg,glacier
data/raw\glacier\13861.jpg,glacier
data/raw\glacier\13899.jpg,glacier
data/raw\glacier\13902.jpg,glacier
data/raw\glacier\13915.jpg,glacier
data/raw\glacier\13919.jpg,glacier
data/raw\glacier\13924.jpg,glacier
data/raw\glacier\13940.jpg,glacier
data/raw\glacier\13947.jpg,glacier
data/raw\glacier\13953.jpg,glacier
data/raw\glacier\13955.jpg,glacier
data/raw\glacier\13956.jpg,glacier
data/raw\glacier\13965.jpg,glacier
data/raw\glacier\13966.jpg,glacier
data/raw\glacier\13967.jpg,glacier
data/raw\glacier\13980.jpg,glacier
data/raw\glacier\13988.jpg,glacier
data/raw\glacier\13991.jpg,glacier
data/raw\glacier\13993.jpg,glacier
data/raw\glacier\13998.jpg,glacier
data/raw\glacier\14000.jpg,glacier
data/raw\glacier\14007.jpg,glacier
data/raw\glacier\14009.jpg,glacier
data/raw\glacier\14010.jpg,glacier
data/raw\glacier\14012.jpg,glacier
data/raw\glacier\14013.jpg,glacier
data/raw\glacier\14030.jpg,glacier
data/raw\glacier\14033.jpg,glacier
data/raw\glacier\14040.jpg,glacier
data/raw\glacier\14041.jpg,glacier
data/raw\glacier\14045.jpg,glacier
data/raw\glacier\14072.jpg,glacier
data/raw\glacier\14073.jpg,glacier
data/raw\glacier\14074.jpg,glacier
data/raw\glacier\14079.jpg,glacier
data/raw\glacier\14087.jpg,glacier
data/raw\glacier\14091.jpg,glacier
data/raw\glacier\14099.jpg,glacier
data/raw\glacier\14110.jpg,glacier
data/raw\glacier\14115.jpg,glacier
data/raw\glacier\14122.jpg,glacier
data/raw\glacier\14127.jpg,glacier
data/raw\glacier\14144.jpg,glacier
data/raw\glacier\14146.jpg,glacier
data/raw\glacier\14153.jpg,glacier
data/raw\glacier\14159.jpg,glacier
data/raw\glacier\14167.jpg,glacier
data/raw\glacier\14202.jpg,glacier
data/raw\glacier\14214.jpg,glacier
data/raw\glacier\14216.jpg,glacier
data/raw\glacier\14232.jpg,glacier
data/raw\glacier\14244.jpg,glacier
data/raw\glacier\14256.jpg,glacier
data/raw\glacier\14257.jpg,glacier
data/raw\glacier\14262.jpg,glacier
data/raw\glacier\14286.jpg,glacier
data/raw\glacier\14290.jpg,glacier
data/raw\glacier\14298.jpg,glacier
data/raw\glacier\14301.jpg,glacier
data/raw\glacier\14309.jpg,glacier
data/raw\glacier\14313.jpg,glacier
data/raw\glacier\14325.jpg,glacier
data/raw\glacier\14331.jpg,glacier
data/raw\glacier\14333.jpg,glacier
data/raw\glacier\14336.jpg,glacier
data/raw\glacier\14358.jpg,glacier
data/raw\glacier\14362.jpg,glacier
data/raw\glacier\14390.jpg,glacier
data/raw\glacier\14393.jpg,glacier
data/raw\glacier\14397.jpg,glacier
data/raw\glacier\14398.jpg,glacier
data/raw\glacier\14404.jpg,glacier
data/raw\glacier\14409.jpg,glacier
data/raw\glacier\14419.jpg,glacier
data/raw\glacier\14431.jpg,glacier
data/raw\glacier\14433.jpg,glacier
data/raw\glacier\14435.jpg,glacier
data/raw\glacier\14436.jpg,glacier
data/raw\glacier\14500.jpg,glacier
data/raw\glacier\14503.jpg,glacier
data/raw\glacier\14504.jpg,glacier
data/raw\glacier\14507.jpg,glacier
data/raw\glacier\14509.jpg,glacier
data/raw\glacier\14515.jpg,glacier
data/raw\glacier\14517.jpg,glacier
data/raw\glacier\14534.jpg,glacier
data/raw\glacier\14536.jpg,glacier
data/raw\glacier\14540.jpg,glacier
data/raw\glacier\14544.jpg,glacier
data/raw\glacier\14545.jpg,glacier
data/raw\glacier\14547.jpg,glacier
data/raw\glacier\14554.jpg,glacier
data/raw\glacier\14595.jpg,glacier
data/raw\glacier\14603.jpg,glacier
data/raw\glacier\14615.jpg,glacier
data/raw\glacier\14622.jpg,glacier
data/raw\glacier\14634.jpg,glacier
data/raw\glacier\14639.jpg,glacier
data/raw\glacier\14675.jpg,glacier
data/raw\glacier\14680.jpg,glacier
data/raw\glacier\14689.jpg,glacier
data/raw\glacier\14690.jpg,glacier
data/raw\glacier\14709.jpg,glacier
data/raw\glacier\14734.jpg,glacier
data/raw\glacier\14740.jpg,glacier
data/raw\glacier\14750.jpg,glacier
data/raw\glacier\14754.jpg,glacier
data/raw\glacier\14770.jpg,glacier
data/raw\glacier\14777.jpg,glacier
data/raw\glacier\14781.jpg,glacier
data/raw\glacier\14782.jpg,glacier
data/raw\glacier\14802.jpg,glacier
data/raw\glacier\14834.jpg,glacier
data/raw\glacier\14845.jpg,glacier
data/raw\glacier\14851.jpg,glacier
data/raw\glacier\14860.jpg,glacier
data/raw\glacier\14881.jpg,glacier
data/raw\glacier\14882.jpg,glacier
data/raw\glacier\14884.jpg,glacier
data/raw\glacier\14887.jpg,glacier
data/raw\glacier\14888.jpg,glacier
data/raw\glacier\14889.jpg,glacier
data/raw\glacier\14917.jpg,glacier
data/raw\glacier\14920.jpg,glacier
data/raw\glacier\14923.jpg,glacier
data/raw\glacier\14941.jpg,glacier
data/raw\glacier\14946.jpg,glacier
data/raw\glacier\14964.jpg,glacier
data/raw\glacier\14979.jpg,glacier
data/raw\glacier\14989.jpg,glacier
data/raw\glacier\14993.jpg,glacier
data/raw\glacier\14995.jpg,glacier
data/raw\glacier\15008.jpg,glacier
data/raw\glacier\15024.jpg,glacier
data/raw\glacier\15032.jpg,glacier
data/raw\glacier\15033.jpg,glacier
data/raw\glacier\15036.jpg,glacier
data/raw\glacier\15039.jpg,glacier
data/raw\glacier\15054.jpg,glacier
data/raw\glacier\15070.jpg,glacier
data/raw\glacier\15074.jpg,glacier
data/raw\glacier\15076.jpg,glacier
data/raw\glacier\15082.jpg,glacier
data/raw\glacier\15084.jpg,glacier
data/raw\glacier\15102.jpg,glacier
data/raw\glacier\15103.jpg,glacier
data/raw\glacier\15110.jpg,glacier
data/raw\glacier\15118.jpg,glacier
data/raw\glacier\15127.jpg,glacier
data/raw\glacier\15152.jpg,glacier
data/raw\glacier\15159.jpg,glacier
data/raw\glacier\15164.jpg,glacier
data/raw\glacier\15167.jpg,glacier
data/raw\glacier\15171.jpg,glacier
data/raw\glacier\15175.jpg,glacier
data/raw\glacier\15192.jpg,glacier
data/raw\glacier\15196.jpg,glacier
data/raw\glacier\15205.jpg,glacier
data/raw\glacier\15209.jpg,glacier
data/raw\glacier\15213.jpg,glacier
data/raw\glacier\15215.jpg,glacier
data/raw\glacier\15217.jpg,glacier
data/raw\glacier\15222.jpg,glacier
data/raw\glacier\15231.jpg,glacier
data/raw\glacier\15234.jpg,glacier
data/raw\glacier\15239.jpg,glacier
data/raw\glacier\15247.jpg,glacier
data/raw\glacier\15248.jpg,glacier
data/raw\glacier\15256.jpg,glacier
data/raw\glacier\15260.jpg,glacier
data/raw\glacier\15267.jpg,glacier
data/raw\glacier\15268.jpg,glacier
data/raw\glacier\15271.jpg,glacier
data/raw\glacier\15275.jpg,glacier
data/raw\glacier\15284.jpg,glacier
data/raw\glacier\15285.jpg,glacier
data/raw\glacier\15290.jpg,glacier
data/raw\glacier\15299.jpg,glacier
data/raw\glacier\15317.jpg,glacier
data/raw\glacier\15323.jpg,glacier
data/raw\glacier\15326.jpg,glacier
data/raw\glacier\15335.jpg,glacier
data/raw\glacier\15338.jpg,glacier
data/raw\glacier\15352.jpg,glacier
data/raw\glacier\15364.jpg,glacier
data/raw\glacier\15370.jpg,glacier
data/raw\glacier\15380.jpg,glacier
data/raw\glacier\15383.jpg,glacier
data/raw\glacier\15386.jpg,glacier
data/raw\glacier\15389.jpg,glacier
data/raw\glacier\15400.jpg,glacier
data/raw\glacier\15401.jpg,glacier
data/raw\glacier\15410.jpg,glacier
data/raw\glacier\15411.jpg,glacier
data/raw\glacier\15414.jpg,glacier
data/raw\glacier\15423.jpg,glacier
data/raw\glacier\15424.jpg,glacier
data/raw\glacier\15440.jpg,glacier
data/raw\glacier\15446.jpg,glacier
data/raw\glacier\15449.jpg,glacier
data/raw\glacier\15457.jpg,glacier
data/raw\glacier\15467.jpg,glacier
data/raw\glacier\15468.jpg,glacier
data/raw\glacier\15477.jpg,glacier
data/raw\glacier\15495.jpg,glacier
data/raw\glacier\15501.jpg,glacier
data/raw\glacier\15507.jpg,glacier
data/raw\glacier\15539.jpg,glacier
data/raw\glacier\15544.jpg,glacier
data/raw\glacier\15550.jpg,glacier
data/raw\glacier\15556.jpg,glacier
data/raw\glacier\15560.jpg,glacier
data/raw\glacier\15564.jpg,glacier
data/raw\glacier\15569.jpg,glacier
data/raw\glacier\15571.jpg,glacier
data/raw\glacier\15580.jpg,glacier
data/raw\glacier\15589.jpg,glacier
data/raw\glacier\15594.jpg,glacier
data/raw\glacier\15613.jpg,glacier
data/raw\glacier\15620.jpg,glacier
data/raw\glacier\15627.jpg,glacier
data/raw\glacier\15655.jpg,glacier
data/raw\glacier\15660.jpg,glacier
data/raw\glacier\15665.jpg,glacier
data/raw\glacier\15672.jpg,glacier
data/raw\glacier\15682.jpg,glacier
data/raw\glacier\15695.jpg,glacier
data/raw\glacier\15697.jpg,glacier
data/raw\glacier\15718.jpg,glacier
data/raw\glacier\15751.jpg,glacier
data/raw\glacier\15759.jpg,glacier
data/raw\glacier\15778.jpg,glacier
data/raw\glacier\15780.jpg,glacier
data/raw\glacier\15782.jpg,glacier
data/raw\glacier\15789.jpg,glacier
data/raw\glacier\15795.jpg,glacier
data/raw\glacier\15813.jpg,glacier
data/raw\glacier\15819.jpg,glacier
data/raw\glacier\15831.jpg,glacier
data/raw\glacier\15839.jpg,glacier
data/raw\glacier\15858.jpg,glacier
data/raw\glacier\15884.jpg,glacier
data/raw\glacier\15889.jpg,glacier
data/raw\glacier\15892.jpg,glacier
data/raw\glacier\15901.jpg,glacier
data/raw\glacier\15907.jpg,glacier
data/raw\glacier\15908.jpg,glacier
data/raw\glacier\15923.jpg,glacier
data/raw\glacier\15948.jpg,glacier
data/raw\glacier\15950.jpg,glacier
data/raw\glacier\15957.jpg,glacier
data/raw\glacier\15972.jpg,glacier
data/raw\glacier\15990.jpg,glacier
data/raw\glacier\15996.jpg,glacier
data/raw\glacier\16003.jpg,glacier
data/raw\glacier\16012.jpg,glacier
data/raw\glacier\16016.jpg,glacier
data/raw\glacier\16021.jpg,glacier
data/raw\glacier\16027.jpg,glacier
data/raw\glacier\16044.jpg,glacier
data/raw\glacier\16048.jpg,glacier
data/raw\glacier\16066.jpg,glacier
data/raw\glacier\16069.jpg,glacier
data/raw\glacier\16070.jpg,glacier
data/raw\glacier\16080.jpg,glacier
data/raw\glacier\16083.jpg,glacier
data/raw\glacier\16086.jpg,glacier
data/raw\glacier\16090.jpg,glacier
data/raw\glacier\16101.jpg,glacier
data/raw\glacier\16103.jpg,glacier
data/raw\glacier\16108.jpg,glacier
data/raw\glacier\16112.jpg,glacier
data/raw\glacier\16131.jpg,glacier
data/raw\glacier\16133.jpg,glacier
data/raw\glacier\16138.jpg,glacier
data/raw\glacier\16170.jpg,glacier
data/raw\glacier\16174.jpg,glacier
data/raw\glacier\16176.jpg,glacier
data/raw\glacier\16182.jpg,glacier
data/raw\glacier\16185.jpg,glacier
data/raw\glacier\16187.jpg,glacier
data/raw\glacier\16190.jpg,glacier
data/raw\glacier\16194.jpg,glacier
data/raw\glacier\16226.jpg,glacier
data/raw\glacier\16239.jpg,glacier
data/raw\glacier\16254.jpg,glacier
data/raw\glacier\16259.jpg,glacier
data/raw\glacier\16260.jpg,glacier
data/raw\glacier\16267.jpg,glacier
data/raw\glacier\16268.jpg,glacier
data/raw\glacier\16269.jpg,glacier
data/raw\glacier\16285.jpg,glacier
data/raw\glacier\16288.jpg,glacier
data/raw\glacier\16296.jpg,glacier
data/raw\glacier\16301.jpg,glacier
data/raw\glacier\16302.jpg,glacier
data/raw\glacier\16307.jpg,glacier
data/raw\glacier\16308.jpg,glacier
data/raw\glacier\16321.jpg,glacier
data/raw\glacier\16330.jpg,glacier
data/raw\glacier\16331.jpg,glacier
data/raw\glacier\16334.jpg,glacier
data/raw\glacier\16335.jpg,glacier
data/raw\glacier\16338.jpg,glacier
data/raw\glacier\16345.jpg,glacier
data/raw\glacier\16348.jpg,glacier
data/raw\glacier\16382.jpg,glacier
data/raw\glacier\16386.jpg,glacier
data/raw\glacier\16400.jpg,glacier
data/raw\glacier\16414.jpg,glacier
data/raw\glacier\16416.jpg,glacier
data/raw\glacier\16420.jpg,glacier
data/raw\glacier\16426.jpg,glacier
data/raw\glacier\16430.jpg,glacier
data/raw\glacier\16434.jpg,glacier
data/raw\glacier\16448.jpg,glacier
data/raw\glacier\16451.jpg,glacier
data/raw\glacier\16467.jpg,glacier
data/raw\glacier\16468.jpg,glacier
data/raw\glacier\16470.jpg,glacier
data/raw\glacier\16472.jpg,glacier
data/raw\glacier\16490.jpg,glacier
data/raw\glacier\16492.jpg,glacier
data/raw\glacier\16493.jpg,glacier
data/raw\glacier\16505.jpg,glacier
data/raw\glacier\16509.jpg,glacier
data/raw\glacier\16513.jpg,glacier
data/raw\glacier\16517.jpg,glacier
data/raw\glacier\16537.jpg,glacier
data/raw\glacier\16544.jpg,glacier
data/raw\glacier\16545.jpg,glacier
data/raw\glacier\16565.jpg,glacier
data/raw\glacier\16566.jpg,glacier
data/raw\glacier\16574.jpg,glacier
data/raw\glacier\16583.jpg,glacier
data/raw\glacier\16584.jpg,glacier
data/raw\glacier\16588.jpg,glacier
data/raw\glacier\16613.jpg,glacier
data/raw\glacier\16618.jpg,glacier
data/raw\glacier\16620.jpg,glacier
data/raw\glacier\16642.jpg,glacier
data/raw\glacier\16651.jpg,glacier
data/raw\glacier\16654.jpg,glacier
data/raw\glacier\16668.jpg,glacier
data/raw\glacier\16670.jpg,glacier
data/raw\glacier\16679.jpg,glacier
data/raw\glacier\16694.jpg,glacier
data/raw\glacier\16705.jpg,glacier
data/raw\glacier\16707.jpg,glacier
data/raw\glacier\16710.jpg,glacier
data/raw\glacier\16712.jpg,glacier
data/raw\glacier\16715.jpg,glacier
data/raw\glacier\16716.jpg,glacier
data/raw\glacier\16721.jpg,glacier
data/raw\glacier\16739.jpg,glacier
data/raw\glacier\16741.jpg,glacier
data/raw\glacier\16771.jpg,glacier
data/raw\glacier\16797.jpg,glacier
data/raw\glacier\16824.jpg,glacier
data/raw\glacier\16827.jpg,glacier
data/raw\glacier\16845.jpg,glacier
data/raw\glacier\16847.jpg,glacier
data/raw\glacier\16852.jpg,glacier
data/raw\glacier\16856.jpg,glacier
data/raw\glacier\16876.jpg,glacier
data/raw\glacier\16879.jpg,glacier
data/raw\glacier\16887.jpg,glacier
data/raw\glacier\16895.jpg,glacier
data/raw\glacier\16898.jpg,glacier
data/raw\glacier\16926.jpg,glacier
data/raw\glacier\16938.jpg,glacier
data/raw\glacier\16942.jpg,glacier
data/raw\glacier\16943.jpg,glacier
data/raw\glacier\16956.jpg,glacier
data/raw\glacier\16969.jpg,glacier
data/raw\glacier\16992.jpg,glacier
data/raw\glacier\17001.jpg,glacier
data/raw\glacier\17007.jpg,glacier
data/raw\glacier\17017.jpg,glacier
data/raw\glacier\17018.jpg,glacier
data/raw\glacier\17027.jpg,glacier
data/raw\glacier\17028.jpg,glacier
data/raw\glacier\17038.jpg,glacier
data/raw\glacier\17042.jpg,glacier
data/raw\glacier\17044.jpg,glacier
data/raw\glacier\17053.jpg,glacier
data/raw\glacier\17063.jpg,glacier
data/raw\glacier\17072.jpg,glacier
data/raw\glacier\17092.jpg,glacier
data/raw\glacier\17096.jpg,glacier
data/raw\glacier\17104.jpg,glacier
data/raw\glacier\17105.jpg,glacier
data/raw\glacier\17111.jpg,glacier
data/raw\glacier\17120.jpg,glacier
data/raw\glacier\17122.jpg,glacier
data/raw\glacier\17124.jpg,glacier
data/raw\glacier\17131.jpg,glacier
data/raw\glacier\17136.jpg,glacier
data/raw\glacier\17151.jpg,glacier
data/raw\glacier\17152.jpg,glacier
data/raw\glacier\17168.jpg,glacier
data/raw\glacier\17194.jpg,glacier
data/raw\glacier\17200.jpg,glacier
data/raw\glacier\17206.jpg,glacier
data/raw\glacier\17221.jpg,glacier
data/raw\glacier\17227.jpg,glacier
data/raw\glacier\17250.jpg,glacier
data/raw\glacier\17252.jpg,glacier
data/raw\glacier\17257.jpg,glacier
data/raw\glacier\17283.jpg,glacier
data/raw\glacier\17287.jpg,glacier
data/raw\glacier\17301.jpg,glacier
data/raw\glacier\17311.jpg,glacier
data/raw\glacier\17312.jpg,glacier
data/raw\glacier\17314.jpg,glacier
data/raw\glacier\17323.jpg,glacier
data/raw\glacier\17325.jpg,glacier
data/raw\glacier\17329.jpg,glacier
data/raw\glacier\17333.jpg,glacier
data/raw\glacier\17343.jpg,glacier
data/raw\glacier\17350.jpg,glacier
data/raw\glacier\17353.jpg,glacier
data/raw\glacier\17361.jpg,glacier
data/raw\glacier\17362.jpg,glacier
data/raw\glacier\17389.jpg,glacier
data/raw\glacier\17393.jpg,glacier
data/raw\glacier\17399.jpg,glacier
data/raw\glacier\17423.jpg,glacier
data/raw\glacier\17432.jpg,glacier
data/raw\glacier\17449.jpg,glacier
data/raw\glacier\17456.jpg,glacier
data/raw\glacier\17474.jpg,glacier
data/raw\glacier\17481.jpg,glacier
data/raw\glacier\17483.jpg,glacier
data/raw\glacier\17485.jpg,glacier
data/raw\glacier\17500.jpg,glacier
data/raw\glacier\17508.jpg,glacier
data/raw\glacier\17510.jpg,glacier
data/raw\glacier\17522.jpg,glacier
data/raw\glacier\17523.jpg,glacier
data/raw\glacier\17527.jpg,glacier
data/raw\glacier\17528.jpg,glacier
data/raw\glacier\17531.jpg,glacier
data/raw\glacier\17544.jpg,glacier
data/raw\glacier\17548.jpg,glacier
data/raw\glacier\17562.jpg,glacier
data/raw\glacier\17566.jpg,glacier
data/raw\glacier\17593.jpg,glacier
data/raw\glacier\17597.jpg,glacier
data/raw\glacier\17611.jpg,glacier
data/raw\glacier\17612.jpg,glacier
data/raw\glacier\17616.jpg,glacier
data/raw\glacier\17628.jpg,glacier
data/raw\glacier\17631.jpg,glacier
data/raw\glacier\17638.jpg,glacier
data/raw\glacier\17654.jpg,glacier
data/raw\glacier\17667.jpg,glacier
data/raw\glacier\17670.jpg,glacier
data/raw\glacier\17682.jpg,glacier
data/raw\glacier\17697.jpg,glacier
data/raw\glacier\17708.jpg,glacier
data/raw\glacier\17716.jpg,glacier
data/raw\glacier\17734.jpg,glacier
data/raw\glacier\17736.jpg,glacier
data/raw\glacier\17742.jpg,glacier
data/raw\glacier\17758.jpg,glacier
data/raw\glacier\17766.jpg,glacier
data/raw\glacier\17768.jpg,glacier
data/raw\glacier\17777.jpg,glacier
data/raw\glacier\17782.jpg,glacier
data/raw\glacier\17783.jpg,glacier
data/raw\glacier\17795.jpg,glacier
data/raw\glacier\17817.jpg,glacier
data/raw\glacier\17824.jpg,glacier
data/raw\glacier\17826.jpg,glacier
data/raw\glacier\17841.jpg,glacier
data/raw\glacier\17844.jpg,glacier
data/raw\glacier\17845.jpg,glacier
data/raw\glacier\17888.jpg,glacier
data/raw\glacier\17892.jpg,glacier
data/raw\glacier\17915.jpg,glacier
data/raw\glacier\17925.jpg,glacier
data/raw\glacier\17926.jpg,glacier
data/raw\glacier\17936.jpg,glacier
data/raw\glacier\17944.jpg,glacier
data/raw\glacier\17957.jpg,glacier
data/raw\glacier\17958.jpg,glacier
data/raw\glacier\17959.jpg,glacier
data/raw\glacier\17962.jpg,glacier
data/raw\glacier\17966.jpg,glacier
data/raw\glacier\17967.jpg,glacier
data/raw\glacier\17978.jpg,glacier
data/raw\glacier\17986.jpg,glacier
data/raw\glacier\17987.jpg,glacier
data/raw\glacier\17994.jpg,glacier
data/raw\glacier\17999.jpg,glacier
data/raw\glacier\18009.jpg,glacier
data/raw\glacier\18014.jpg,glacier
data/raw\glacier\18015.jpg,glacier
data/raw\glacier\18044.jpg,glacier
data/raw\glacier\18051.jpg,glacier
data/raw\glacier\18064.jpg,glacier
data/raw\glacier\18074.jpg,glacier
data/raw\glacier\18110.jpg,glacier
data/raw\glacier\18128.jpg,glacier
data/raw\glacier\18138.jpg,glacier
data/raw\glacier\18142.jpg,glacier
data/raw\glacier\18155.jpg,glacier
data/raw\glacier\18162.jpg,glacier
data/raw\glacier\18197.jpg,glacier
data/raw\glacier\18199.jpg,glacier
data/raw\glacier\18221.jpg,glacier
data/raw\glacier\18222.jpg,glacier
data/raw\glacier\18231.jpg,glacier
data/raw\glacier\18233.jpg,glacier
data/raw\glacier\18236.jpg,glacier
data/raw\glacier\18247.jpg,glacier
data/raw\glacier\18253.jpg,glacier
data/raw\glacier\18264.jpg,glacier
data/raw\glacier\18266.jpg,glacier
data/raw\glacier\18293.jpg,glacier
data/raw\glacier\18299.jpg,glacier
data/raw\glacier\18306.jpg,glacier
data/raw\glacier\18328.jpg,glacier
data/raw\glacier\18329.jpg,glacier
data/raw\glacier\18332.jpg,glacier
data/raw\glacier\18336.jpg,glacier
data/raw\glacier\18339.jpg,glacier
data/raw\glacier\18349.jpg,glacier
data/raw\glacier\18351.jpg,glacier
data/raw\glacier\18361.jpg,glacier
data/raw\glacier\18366.jpg,glacier
data/raw\glacier\18374.jpg,glacier
data/raw\glacier\18381.jpg,glacier
data/raw\glacier\18382.jpg,glacier
data/raw\glacier\18400.jpg,glacier
data/raw\glacier\18407.jpg,glacier
data/raw\glacier\18411.jpg,glacier
data/raw\glacier\18420.jpg,glacier
data/raw\glacier\18424.jpg,glacier
data/raw\glacier\18426.jpg,glacier
data/raw\glacier\18430.jpg,glacier
data/raw\glacier\18436.jpg,glacier
data/raw\glacier\18453.jpg,glacier
data/raw\glacier\18493.jpg,glacier
data/raw\glacier\18495.jpg,glacier
data/raw\glacier\18501.jpg,glacier
data/raw\glacier\18505.jpg,glacier
data/raw\glacier\18515.jpg,glacier
data/raw\glacier\18533.jpg,glacier
data/raw\glacier\18541.jpg,glacier
data/raw\glacier\18551.jpg,glacier
data/raw\glacier\18552.jpg,glacier
data/raw\glacier\18566.jpg,glacier
data/raw\glacier\18584.jpg,glacier
data/raw\glacier\18586.jpg,glacier
data/raw\glacier\18597.jpg,glacier
data/raw\glacier\18603.jpg,glacier
data/raw\glacier\18631.jpg,glacier
data/raw\glacier\18638.jpg,glacier
data/raw\glacier\18657.jpg,glacier
data/raw\glacier\18658.jpg,glacier
data/raw\glacier\18680.jpg,glacier
data/raw\glacier\18686.jpg,glacier
data/raw\glacier\18700.jpg,glacier
data/raw\glacier\18709.jpg,glacier
data/raw\glacier\18710.jpg,glacier
data/raw\glacier\18715.jpg,glacier
data/raw\glacier\18736.jpg,glacier
data/raw\glacier\18753.jpg,glacier
data/raw\glacier\18773.jpg,glacier
data/raw\glacier\18781.jpg,glacier
data/raw\glacier\18783.jpg,glacier
data/raw\glacier\18785.jpg,glacier
data/raw\glacier\18808.jpg,glacier
data/raw\glacier\18809.jpg,glacier
data/raw\glacier\18819.jpg,glacier
data/raw\glacier\18820.jpg,glacier
data/raw\glacier\18821.jpg,glacier
data/raw\glacier\18828.jpg,glacier
data/raw\glacier\18829.jpg,glacier
data/raw\glacier\18831.jpg,glacier
data/raw\glacier\18832.jpg,glacier
data/raw\glacier\18834.jpg,glacier
data/raw\glacier\18853.jpg,glacier
data/raw\glacier\18863.jpg,glacier
data/raw\glacier\18864.jpg,glacier
data/raw\glacier\18870.jpg,glacier
data/raw\glacier\18899.jpg,glacier
data/raw\glacier\18906.jpg,glacier
data/raw\glacier\18909.jpg,glacier
data/raw\glacier\18911.jpg,glacier
data/raw\glacier\18916.jpg,glacier
data/raw\glacier\18925.jpg,glacier
data/raw\glacier\18927.jpg,glacier
data/raw\glacier\18929.jpg,glacier
data/raw\glacier\18941.jpg,glacier
data/raw\glacier\18963.jpg,glacier
data/raw\glacier\18989.jpg,glacier
data/raw\glacier\19005.jpg,glacier
data/raw\glacier\19019.jpg,glacier
data/raw\glacier\19020.jpg,glacier
data/raw\glacier\19037.jpg,glacier
data/raw\glacier\19040.jpg,glacier
data/raw\glacier\19044.jpg,glacier
data/raw\glacier\19049.jpg,glacier
data/raw\glacier\19058.jpg,glacier
data/raw\glacier\19067.jpg,glacier
data/raw\glacier\19094.jpg,glacier
data/raw\glacier\19095.jpg,glacier
data/raw\glacier\19097.jpg,glacier
data/raw\glacier\19116.jpg,glacier
data/raw\glacier\19118.jpg,glacier
data/raw\glacier\19121.jpg,glacier
data/raw\glacier\19132.jpg,glacier
data/raw\glacier\19139.jpg,glacier
data/raw\glacier\19154.jpg,glacier
data/raw\glacier\19161.jpg,glacier
data/raw\glacier\19166.jpg,glacier
data/raw\glacier\19170.jpg,glacier
data/raw\glacier\19177.jpg,glacier
data/raw\glacier\19183.jpg,glacier
data/raw\glacier\19197.jpg,glacier
data/raw\glacier\19199.jpg,glacier
data/raw\glacier\19203.jpg,glacier
data/raw\glacier\19205.jpg,glacier
data/raw\glacier\19216.jpg,glacier
data/raw\glacier\19226.jpg,glacier
data/raw\glacier\19230.jpg,glacier
data/raw\glacier\19241.jpg,glacier
data/raw\glacier\19247.jpg,glacier
data/raw\glacier\19252.jpg,glacier
data/raw\glacier\19257.jpg,glacier
data/raw\glacier\19261.jpg,glacier
data/raw\glacier\19272.jpg,glacier
data/raw\glacier\19273.jpg,glacier
data/raw\glacier\19274.jpg,glacier
data/raw\glacier\19284.jpg,glacier
data/raw\glacier\19297.jpg,glacier
data/raw\glacier\19305.jpg,glacier
data/raw\glacier\19319.jpg,glacier
data/raw\glacier\19326.jpg,glacier
data/raw\glacier\19342.jpg,glacier
data/raw\glacier\19350.jpg,glacier
data/raw\glacier\19362.jpg,glacier
data/raw\glacier\19373.jpg,glacier
data/raw\glacier\19377.jpg,glacier
data/raw\glacier\19380.jpg,glacier
data/raw\glacier\19404.jpg,glacier
data/raw\glacier\19412.jpg,glacier
data/raw\glacier\19418.jpg,glacier
data/raw\glacier\19419.jpg,glacier
data/raw\glacier\19425.jpg,glacier
data/raw\glacier\19428.jpg,glacier
data/raw\glacier\19429.jpg,glacier
data/raw\glacier\19441.jpg,glacier
data/raw\glacier\19443.jpg,glacier
data/raw\glacier\19465.jpg,glacier
data/raw\glacier\19478.jpg,glacier
data/raw\glacier\19486.jpg,glacier
data/raw\glacier\19498.jpg,glacier
data/raw\glacier\19502.jpg,glacier
data/raw\glacier\19505.jpg,glacier
data/raw\glacier\19507.jpg,glacier
data/raw\glacier\19517.jpg,glacier
data/raw\glacier\19522.jpg,glacier
data/raw\glacier\19523.jpg,glacier
data/raw\glacier\19534.jpg,glacier
data/raw\glacier\19536.jpg,glacier
data/raw\glacier\19544.jpg,glacier
data/raw\glacier\19545.jpg,glacier
data/raw\glacier\19565.jpg,glacier
data/raw\glacier\19566.jpg,glacier
data/raw\glacier\19567.jpg,glacier
data/raw\glacier\19576.jpg,glacier
data/raw\glacier\19579.jpg,glacier
data/raw\glacier\19580.jpg,glacier
data/raw\glacier\19594.jpg,glacier
data/raw\glacier\19603.jpg,glacier
data/raw\glacier\19609.jpg,glacier
data/raw\glacier\19612.jpg,glacier
data/raw\glacier\19615.jpg,glacier
data/raw\glacier\19622.jpg,glacier
data/raw\glacier\19652.jpg,glacier
data/raw\glacier\19667.jpg,glacier
data/raw\glacier\19683.jpg,glacier
data/raw\glacier\19703.jpg,glacier
data/raw\glacier\19708.jpg,glacier
data/raw\glacier\19737.jpg,glacier
data/raw\glacier\19738.jpg,glacier
data/raw\glacier\19740.jpg,glacier
data/raw\glacier\19746.jpg,glacier
data/raw\glacier\19773.jpg,glacier
data/raw\glacier\19786.jpg,glacier
data/raw\glacier\19798.jpg,glacier
data/raw\glacier\19811.jpg,glacier
data/raw\glacier\19820.jpg,glacier
data/raw\glacier\19824.jpg,glacier
data/raw\glacier\19825.jpg,glacier
data/raw\glacier\19828.jpg,glacier
data/raw\glacier\19834.jpg,glacier
data/raw\glacier\19835.jpg,glacier
data/raw\glacier\19844.jpg,glacier
data/raw\glacier\19860.jpg,glacier
data/raw\glacier\19879.jpg,glacier
data/raw\glacier\19883.jpg,glacier
data/raw\glacier\19894.jpg,glacier
data/raw\glacier\19900.jpg,glacier
data/raw\glacier\19904.jpg,glacier
data/raw\glacier\19920.jpg,glacier
data/raw\glacier\19921.jpg,glacier
data/raw\glacier\19925.jpg,glacier
data/raw\glacier\19926.jpg,glacier
data/raw\glacier\19934.jpg,glacier
data/raw\glacier\19958.jpg,glacier
data/raw\glacier\19975.jpg,glacier
data/raw\glacier\19985.jpg,glacier
data/raw\glacier\19988.jpg,glacier
data/raw\glacier\19990.jpg,glacier
data/raw\glacier\19993.jpg,glacier
data/raw\glacier\20002.jpg,glacier
data/raw\glacier\20007.jpg,glacier
data/raw\glacier\20016.jpg,glacier
data/raw\glacier\20018.jpg,glacier
data/raw\glacier\20024.jpg,glacier
data/raw\glacier\20028.jpg,glacier
data/raw\mountain\1006.jpg,mountain
data/raw\mountain\1019.jpg,mountain
data/raw\mountain\1029.jpg,mountain
data/raw\mountain\1032.jpg,mountain
data/raw\mountain\1040.jpg,mountain
data/raw\mountain\1054.jpg,mountain
data/raw\mountain\1065.jpg,mountain
data/raw\mountain\1067.jpg,mountain
data/raw\mountain\1069.jpg,mountain
data/raw\mountain\1087.jpg,mountain
data/raw\mountain\1127.jpg,mountain
data/raw\mountain\1129.jpg,mountain
data/raw\mountain\1133.jpg,mountain
data/raw\mountain\1140.jpg,mountain
data/raw\mountain\1147.jpg,mountain
data/raw\mountain\1149.jpg,mountain
data/raw\mountain\1151.jpg,mountain
data/raw\mountain\1155.jpg,mountain
data/raw\mountain\1160.jpg,mountain
data/raw\mountain\1165.jpg,mountain
data/raw\mountain\118.jpg,mountain
data/raw\mountain\1181.jpg,mountain
data/raw\mountain\1183.jpg,mountain
data/raw\mountain\1184.jpg,mountain
data/raw\mountain\120.jpg,mountain
data/raw\mountain\1203.jpg,mountain
data/raw\mountain\1209.jpg,mountain
data/raw\mountain\1216.jpg,mountain
data/raw\mountain\122.jpg,mountain
data/raw\mountain\1228.jpg,mountain
data/raw\mountain\1237.jpg,mountain
data/raw\mountain\1238.jpg,mountain
data/raw\mountain\1252.jpg,mountain
data/raw\mountain\1257.jpg,mountain
data/raw\mountain\1262.jpg,mountain
data/raw\mountain\1278.jpg,mountain
data/raw\mountain\1284.jpg,mountain
data/raw\mountain\1287.jpg,mountain
data/raw\mountain\1309.jpg,mountain
data/raw\mountain\1314.jpg,mountain
data/raw\mountain\1327.jpg,mountain
data/raw\mountain\1336.jpg,mountain
data/raw\mountain\1340.jpg,mountain
data/raw\mountain\1344.jpg,mountain
data/raw\mountain\1350.jpg,mountain
data/raw\mountain\1353.jpg,mountain
data/raw\mountain\1357.jpg,mountain
data/raw\mountain\1362.jpg,mountain
data/raw\mountain\1380.jpg,mountain
data/raw\mountain\1389.jpg,mountain
data/raw\mountain\1396.jpg,mountain
data/raw\mountain\1408.jpg,mountain
data/raw\mountain\1412.jpg,mountain
data/raw\mountain\1420.jpg,mountain
data/raw\mountain\1426.jpg,mountain
data/raw\mountain\1432.jpg,mountain
data/raw\mountain\1441.jpg,mountain
data/raw\mountain\1446.jpg,mountain
data/raw\mountain\1454.jpg,mountain
data/raw\mountain\1460.jpg,mountain
data/raw\mountain\1461.jpg,mountain
data/raw\mountain\1464.jpg,mountain
data/raw\mountain\1465.jpg,mountain
data/raw\mountain\1473.jpg,mountain
data/raw\mountain\148.jpg,mountain
data/raw\mountain\1480.jpg,mountain
data/raw\mountain\1500.jpg,mountain
data/raw\mountain\1506.jpg,mountain
data/raw\mountain\1513.jpg,mountain
data/raw\mountain\1526.jpg,mountain
data/raw\mountain\153.jpg,mountain
data/raw\mountain\1538.jpg,mountain
data/raw\mountain\1540.jpg,mountain
data/raw\mountain\1541.jpg,mountain
data/raw\mountain\155.jpg,mountain
data/raw\mountain\1558.jpg,mountain
data/raw\mountain\1559.jpg,mountain
data/raw\mountain\1567.jpg,mountain
data/raw\mountain\1573.jpg,mountain
data/raw\mountain\1582.jpg,mountain
data/raw\mountain\1588.jpg,mountain
data/raw\mountain\1597.jpg,mountain
data/raw\mountain\16.jpg,mountain
data/raw\mountain\1600.jpg,mountain
data/raw\mountain\1602.jpg,mountain
data/raw\mountain\1607.jpg,mountain
data/raw\mountain\1608.jpg,mountain
data/raw\mountain\1609.jpg,mountain
data/raw\mountain\1612.jpg,mountain
data/raw\mountain\1621.jpg,mountain
data/raw\mountain\1628.jpg,mountain
data/raw\mountain\1637.jpg,mountain
data/raw\mountain\1642.jpg,mountain
data/raw\mountain\1645.jpg,mountain
data/raw\mountain\1646.jpg,mountain
data/raw\mountain\1651.jpg,mountain
data/raw\mountain\1658.jpg,mountain
data/raw\mountain\1661.jpg,mountain
data/raw\mountain\1666.jpg,mountain
data/raw\mountain\1674.jpg,mountain
data/raw\mountain\1685.jpg,mountain
data/raw\mountain\1698.jpg,mountain
data/raw\mountain\1699.jpg,mountain
data/raw\mountain\17.jpg,mountain
data/raw\mountain\1700.jpg,mountain
data/raw\mountain\1702.jpg,mountain
data/raw\mountain\1714.jpg,mountain
data/raw\mountain\1721.jpg,mountain
data/raw\mountain\1738.jpg,mountain
data/raw\mountain\1743.jpg,mountain
data/raw\mountain\1755.jpg,mountain
data/raw\mountain\1758.jpg,mountain
data/raw\mountain\177.jpg,mountain
data/raw\mountain\1788.jpg,mountain
data/raw\mountain\1794.jpg,mountain
data/raw\mountain\1799.jpg,mountain
data/raw\mountain\1809.jpg,mountain
data/raw\mountain\1811.jpg,mountain
data/raw\mountain\1813.jpg,mountain
data/raw\mountain\1819.jpg,mountain
data/raw\mountain\1825.jpg,mountain
data/raw\mountain\1826.jpg,mountain
data/raw\mountain\1828.jpg,mountain
data/raw\mountain\1845.jpg,mountain
data/raw\mountain\1860.jpg,mountain
data/raw\mountain\1869.jpg,mountain
data/raw\mountain\1875.jpg,mountain
data/raw\mountain\1883.jpg,mountain
data/raw\mountain\1887.jpg,mountain
data/raw\mountain\1896.jpg,mountain
data/raw\mountain\1898.jpg,mountain
data/raw\mountain\1899.jpg,mountain
data/raw\mountain\1903.jpg,mountain
data/raw\mountain\1907.jpg,mountain
data/raw\mountain\1909.jpg,mountain
data/raw\mountain\1917.jpg,mountain
data/raw\mountain\1919.jpg,mountain
data/raw\mountain\1925.jpg,mountain
data/raw\mountain\1933.jpg,mountain
data/raw\mountain\1936.jpg,mountain
data/raw\mountain\194.jpg,mountain
data/raw\mountain\1956.jpg,mountain
data/raw\mountain\1960.jpg,mountain
data/raw\mountain\1961.jpg,mountain
data/raw\mountain\1962.jpg,mountain
data/raw\mountain\1993.jpg,mountain
data/raw\mountain\1996.jpg,mountain
data/raw\mountain\2003.jpg,mountain
data/raw\mountain\2004.jpg,mountain
data/raw\mountain\2005.jpg,mountain
data/raw\mountain\202.jpg,mountain
data/raw\mountain\2053.jpg,mountain
data/raw\mountain\2054.jpg,mountain
data/raw\mountain\2078.jpg,mountain
data/raw\mountain\2079.jpg,mountain
data/raw\mountain\2087.jpg,mountain
data/raw\mountain\209.jpg,mountain
data/raw\mountain\2105.jpg,mountain
data/raw\mountain\2110.jpg,mountain
data/raw\mountain\2120.jpg,mountain
data/raw\mountain\2134.jpg,mountain
data/raw\mountain\2140.jpg,mountain
data/raw\mountain\2142.jpg,mountain
data/raw\mountain\2147.jpg,mountain
data/raw\mountain\2149.jpg,mountain
data/raw\mountain\2150.jpg,mountain
data/raw\mountain\2161.jpg,mountain
data/raw\mountain\2166.jpg,mountain
data/raw\mountain\2168.jpg,mountain
data/raw\mountain\2174.jpg,mountain
data/raw\mountain\2175.jpg,mountain
data/raw\mountain\2181.jpg,mountain
data/raw\mountain\2183.jpg,mountain
data/raw\mountain\2196.jpg,mountain
data/raw\mountain\2197.jpg,mountain
data/raw\mountain\2199.jpg,mountain
data/raw\mountain\2201.jpg,mountain
data/raw\mountain\2211.jpg,mountain
data/raw\mountain\2218.jpg,mountain
data/raw\mountain\2219.jpg,mountain
data/raw\mountain\2220.jpg,mountain
data/raw\mountain\2230.jpg,mountain
data/raw\mountain\2241.jpg,mountain
data/raw\mountain\2269.jpg,mountain
data/raw\mountain\2281.jpg,mountain
data/raw\mountain\2293.jpg,mountain
data/raw\mountain\2298.jpg,mountain
data/raw\mountain\2303.jpg,mountain
data/raw\mountain\2311.jpg,mountain
data/raw\mountain\232.jpg,mountain
data/raw\mountain\2320.jpg,mountain
data/raw\mountain\234.jpg,mountain
data/raw\mountain\2382.jpg,mountain
data/raw\mountain\2386.jpg,mountain
data/raw\mountain\2388.jpg,mountain
data/raw\mountain\2390.jpg,mountain
data/raw\mountain\2413.jpg,mountain
data/raw\mountain\2416.jpg,mountain
data/raw\mountain\2422.jpg,mountain
data/raw\mountain\2423.jpg,mountain
data/raw\mountain\2428.jpg,mountain
data/raw\mountain\2433.jpg,mountain
data/raw\mountain\2435.jpg,mountain
data/raw\mountain\2448.jpg,mountain
data/raw\mountain\245.jpg,mountain
data/raw\mountain\2455.jpg,mountain
data/raw\mountain\2458.jpg,mountain
data/raw\mountain\2471.jpg,mountain
data/raw\mountain\2477.jpg,mountain
data/raw\mountain\2481.jpg,mountain
data/raw\mountain\2492.jpg,mountain
data/raw\mountain\2505.jpg,mountain
data/raw\mountain\2517.jpg,mountain
data/raw\mountain\2531.jpg,mountain
data/raw\mountain\2539.jpg,mountain
data/raw\mountain\254.jpg,mountain
data/raw\mountain\2543.jpg,mountain
data/raw\mountain\2569.jpg,mountain
data/raw\mountain\2570.jpg,mountain
data/raw\mountain\2571.jpg,mountain
data/raw\mountain\2573.jpg,mountain
data/raw\mountain\2578.jpg,mountain
data/raw\mountain\2579.jpg,mountain
data/raw\mountain\258.jpg,mountain
data/raw\mountain\2590.jpg,mountain
data/raw\mountain\2592.jpg,mountain
data/raw\mountain\2604.jpg,mountain
data/raw\mountain\2605.jpg,mountain
data/raw\mountain\2609.jpg,mountain
data/raw\mountain\2615.jpg,mountain
data/raw\mountain\2618.jpg,mountain
data/raw\mountain\2625.jpg,mountain
data/raw\mountain\2630.jpg,mountain
data/raw\mountain\2635.jpg,mountain
data/raw\mountain\2641.jpg,mountain
data/raw\mountain\2647.jpg,mountain
data/raw\mountain\2660.jpg,mountain
data/raw\mountain\2663.jpg,mountain
data/raw\mountain\2672.jpg,mountain
data/raw\mountain\2677.jpg,mountain
data/raw\mountain\2680.jpg,mountain
data/raw\mountain\2687.jpg,mountain
data/raw\mountain\2702.jpg,mountain
data/raw\mountain\2706.jpg,mountain
data/raw\mountain\2720.jpg,mountain
data/raw\mountain\2721.jpg,mountain
data/raw\mountain\2724.jpg,mountain
data/raw\mountain\2726.jpg,mountain
data/raw\mountain\2730.jpg,mountain
data/raw\mountain\2748.jpg,mountain
data/raw\mountain\2752.jpg,mountain
data/raw\mountain\2753.jpg,mountain
data/raw\mountain\2755.jpg,mountain
data/raw\mountain\276.jpg,mountain
data/raw\mountain\2762.jpg,mountain
data/raw\mountain\2769.jpg,mountain
data/raw\mountain\2772.jpg,mountain
data/raw\mountain\2773.jpg,mountain
data/raw\mountain\2799.jpg,mountain
data/raw\mountain\280.jpg,mountain
data/raw\mountain\2803.jpg,mountain
data/raw\mountain\282.jpg,mountain
data/raw\mountain\2835.jpg,mountain
data/raw\mountain\2853.jpg,mountain
data/raw\mountain\2863.jpg,mountain
data/raw\mountain\2873.jpg,mountain
data/raw\mountain\2875.jpg,mountain
data/raw\mountain\2879.jpg,mountain
data/raw\mountain\288.jpg,mountain
data/raw\mountain\2912.jpg,mountain
data/raw\mountain\2915.jpg,mountain
data/raw\mountain\2919.jpg,mountain
data/raw\mountain\2929.jpg,mountain
data/raw\mountain\293.jpg,mountain
data/raw\mountain\2930.jpg,mountain
data/raw\mountain\2932.jpg,mountain
data/raw\mountain\2943.jpg,mountain
data/raw\mountain\2968.jpg,mountain
data/raw\mountain\297.jpg,mountain
data/raw\mountain\2976.jpg,mountain
data/raw\mountain\2983.jpg,mountain
data/raw\mountain\2984.jpg,mountain
data/raw\mountain\2995.jpg,mountain
data/raw\mountain\2998.jpg,mountain
data/raw\mountain\3005.jpg,mountain
data/raw\mountain\301.jpg,mountain
data/raw\mountain\3024.jpg,mountain
data/raw\mountain\3030.jpg,mountain
data/raw\mountain\3039.jpg,mountain
data/raw\mountain\3044.jpg,mountain
data/raw\mountain\3047.jpg,mountain
data/raw\mountain\305.jpg,mountain
data/raw\mountain\3050.jpg,mountain
data/raw\mountain\3070.jpg,mountain
data/raw\mountain\3081.jpg,mountain
data/raw\mountain\3087.jpg,mountain
data/raw\mountain\3088.jpg,mountain
data/raw\mountain\3090.jpg,mountain
data/raw\mountain\3094.jpg,mountain
data/raw\mountain\3104.jpg,mountain
data/raw\mountain\3111.jpg,mountain
data/raw\mountain\3114.jpg,mountain
data/raw\mountain\3124.jpg,mountain
data/raw\mountain\3125.jpg,mountain
data/raw\mountain\313.jpg,mountain
data/raw\mountain\3138.jpg,mountain
data/raw\mountain\3150.jpg,mountain
data/raw\mountain\3157.jpg,mountain
data/raw\mountain\3162.jpg,mountain
data/raw\mountain\3163.jpg,mountain
data/raw\mountain\3173.jpg,mountain
data/raw\mountain\3178.jpg,mountain
data/raw\mountain\3180.jpg,mountain
data/raw\mountain\3188.jpg,mountain
data/raw\mountain\3190.jpg,mountain
data/raw\mountain\32.jpg,mountain
data/raw\mountain\3210.jpg,mountain
data/raw\mountain\3224.jpg,mountain
data/raw\mountain\3227.jpg,mountain
data/raw\mountain\323.jpg,mountain
data/raw\mountain\3232.jpg,mountain
data/raw\mountain\3234.jpg,mountain
data/raw\mountain\3236.jpg,mountain
data/raw\mountain\3239.jpg,mountain
data/raw\mountain\3241.jpg,mountain
data/raw\mountain\3256.jpg,mountain
data/raw\mountain\3269.jpg,mountain
data/raw\mountain\3275.jpg,mountain
data/raw\mountain\3280.jpg,mountain
data/raw\mountain\3284.jpg,mountain
data/raw\mountain\3291.jpg,mountain
data/raw\mountain\3293.jpg,mountain
data/raw\mountain\3302.jpg,mountain
data/raw\mountain\3305.jpg,mountain
data/raw\mountain\3306.jpg,mountain
data/raw\mountain\3308.jpg,mountain
data/raw\mountain\331.jpg,mountain
data/raw\mountain\3313.jpg,mountain
data/raw\mountain\3337.jpg,mountain
data/raw\mountain\3341.jpg,mountain
data/raw\mountain\3342.jpg,mountain
data/raw\mountain\3358.jpg,mountain
data/raw\mountain\3367.jpg,mountain
data/raw\mountain\3373.jpg,mountain
data/raw\mountain\3385.jpg,mountain
data/raw\mountain\3388.jpg,mountain
data/raw\mountain\3399.jpg,mountain
data/raw\mountain\34.jpg,mountain
data/raw\mountain\3401.jpg,mountain
data/raw\mountain\3423.jpg,mountain
data/raw\mountain\3424.jpg,mountain
data/raw\mountain\3425.jpg,mountain
data/raw\mountain\3437.jpg,mountain
data/raw\mountain\3439.jpg,mountain
data/raw\mountain\3442.jpg,mountain
data/raw\mountain\3446.jpg,mountain
data/raw\mountain\3460.jpg,mountain
data/raw\mountain\3465.jpg,mountain
data/raw\mountain\3476.jpg,mountain
data/raw\mountain\3487.jpg,mountain
data/raw\mountain\3490.jpg,mountain
data/raw\mountain\3509.jpg,mountain
data/raw\mountain\3527.jpg,mountain
data/raw\mountain\3535.jpg,mountain
data/raw\mountain\3548.jpg,mountain
data/raw\mountain\3554.jpg,mountain
data/raw\mountain\3568.jpg,mountain
data/raw\mountain\3569.jpg,mountain
data/raw\mountain\3575.jpg,mountain
data/raw\mountain\3587.jpg,mountain
data/raw\mountain\3592.jpg,mountain
data/raw\mountain\3593.jpg,mountain
data/raw\mountain\3598.jpg,mountain
data/raw\mountain\3599.jpg,mountain
data/raw\mountain\3603.jpg,mountain
data/raw\mountain\3606.jpg,mountain
data/raw\mountain\3608.jpg,mountain
data/raw\mountain\3618.jpg,mountain
data/raw\mountain\3620.jpg,mountain
data/raw\mountain\3629.jpg,mountain
data/raw\mountain\3630.jpg,mountain
data/raw\mountain\364.jpg,mountain
data/raw\mountain\3641.jpg,mountain
data/raw\mountain\3650.jpg,mountain
data/raw\mountain\3657.jpg,mountain
data/raw\mountain\3658.jpg,mountain
data/raw\mountain\366.jpg,mountain
data/raw\mountain\3662.jpg,mountain
data/raw\mountain\3676.jpg,mountain
data/raw\mountain\3685.jpg,mountain
data/raw\mountain\3689.jpg,mountain
data/raw\mountain\369.jpg,mountain
data/raw\mountain\3692.jpg,mountain
data/raw\mountain\3701.jpg,mountain
data/raw\mountain\3712.jpg,mountain
data/raw\mountain\3719.jpg,mountain
data/raw\mountain\3733.jpg,mountain
data/raw\mountain\3742.jpg,mountain
data/raw\mountain\3748.jpg,mountain
data/raw\mountain\3756.jpg,mountain
data/raw\mountain\3765.jpg,mountain
data/raw\mountain\377.jpg,mountain
data/raw\mountain\3779.jpg,mountain
data/raw\mountain\378.jpg,mountain
data/raw\mountain\3786.jpg,mountain
data/raw\mountain\3787.jpg,mountain
data/raw\mountain\3791.jpg,mountain
data/raw\mountain\3794.jpg,mountain
data/raw\mountain\380.jpg,mountain
data/raw\mountain\3806.jpg,mountain
data/raw\mountain\3826.jpg,mountain
data/raw\mountain\3828.jpg,mountain
data/raw\mountain\3849.jpg,mountain
data/raw\mountain\3850.jpg,mountain
data/raw\mountain\3857.jpg,mountain
data/raw\mountain\3858.jpg,mountain
data/raw\mountain\3860.jpg,mountain
data/raw\mountain\3866.jpg,mountain
data/raw\mountain\3872.jpg,mountain
data/raw\mountain\3890.jpg,mountain
data/raw\mountain\3896.jpg,mountain
data/raw\mountain\3898.jpg,mountain
data/raw\mountain\3909.jpg,mountain
data/raw\mountain\3915.jpg,mountain
data/raw\mountain\3934.jpg,mountain
data/raw\mountain\3936.jpg,mountain
data/raw\mountain\3940.jpg,mountain
data/raw\mountain\3941.jpg,mountain
data/raw\mountain\3943.jpg,mountain
data/raw\mountain\395.jpg,mountain
data/raw\mountain\3963.jpg,mountain
data/raw\mountain\3967.jpg,mountain
data/raw\mountain\3969.jpg,mountain
data/raw\mountain\397.jpg,mountain
data/raw\mountain\3973.jpg,mountain
data/raw\mountain\3974.jpg,mountain
data/raw\mountain\3977.jpg,mountain
data/raw\mountain\3978.jpg,mountain
data/raw\mountain\3990.jpg,mountain
data/raw\mountain\3994.jpg,mountain
data/raw\mountain\4009.jpg,mountain
data/raw\mountain\4010.jpg,mountain
data/raw\mountain\402.jpg,mountain
data/raw\mountain\4026.jpg,mountain
data/raw\mountain\4028.jpg,mountain
data/raw\mountain\4062.jpg,mountain
data/raw\mountain\4065.jpg,mountain
data/raw\mountain\4102.jpg,mountain
data/raw\mountain\4117.jpg,mountain
data/raw\mountain\4120.jpg,mountain
data/raw\mountain\414.jpg,mountain
data/raw\mountain\4145.jpg,mountain
data/raw\mountain\4148.jpg,mountain
data/raw\mountain\415.jpg,mountain
data/raw\mountain\4151.jpg,mountain
data/raw\mountain\4154.jpg,mountain
data/raw\mountain\4155.jpg,mountain
data/raw\mountain\4162.jpg,mountain
data/raw\mountain\4163.jpg,mountain
data/raw\mountain\4173.jpg,mountain
data/raw\mountain\4174.jpg,mountain
data/raw\mountain\4189.jpg,mountain
data/raw\mountain\4192.jpg,mountain
data/raw\mountain\42.jpg,mountain
data/raw\mountain\4208.jpg,mountain
data/raw\mountain\4209.jpg,mountain
data/raw\mountain\4215.jpg,mountain
data/raw\mountain\4224.jpg,mountain
data/raw\mountain\4228.jpg,mountain
data/raw\mountain\4234.jpg,mountain
data/raw\mountain\4260.jpg,mountain
data/raw\mountain\4261.jpg,mountain
data/raw\mountain\4263.jpg,mountain
data/raw\mountain\4281.jpg,mountain
data/raw\mountain\4283.jpg,mountain
data/raw\mountain\4299.jpg,mountain
data/raw\mountain\4303.jpg,mountain
data/raw\mountain\4311.jpg,mountain
data/raw\mountain\4316.jpg,mountain
data/raw\mountain\4320.jpg,mountain
data/raw\mountain\4330.jpg,mountain
data/raw\mountain\4339.jpg,mountain
data/raw\mountain\4344.jpg,mountain
data/raw\mountain\4362.jpg,mountain
data/raw\mountain\4378.jpg,mountain
data/raw\mountain\4380.jpg,mountain
data/raw\mountain\4384.jpg,mountain
data/raw\mountain\4387.jpg,mountain
data/raw\mountain\4389.jpg,mountain
data/raw\mountain\439.jpg,mountain
data/raw\mountain\4390.jpg,mountain
data/raw\mountain\44.jpg,mountain
data/raw\mountain\4406.jpg,mountain
data/raw\mountain\4414.jpg,mountain
data/raw\mountain\4417.jpg,mountain
data/raw\mountain\443.jpg,mountain
data/raw\mountain\4442.jpg,mountain
data/raw\mountain\4456.jpg,mountain
data/raw\mountain\4470.jpg,mountain
data/raw\mountain\4483.jpg,mountain
data/raw\mountain\4497.jpg,mountain
data/raw\mountain\4501.jpg,mountain
data/raw\mountain\4508.jpg,mountain
data/raw\mountain\4513.jpg,mountain
data/raw\mountain\4516.jpg,mountain
data/raw\mountain\4522.jpg,mountain
data/raw\mountain\4539.jpg,mountain
data/raw\mountain\4541.jpg,mountain
data/raw\mountain\4554.jpg,mountain
data/raw\mountain\457.jpg,mountain
data/raw\mountain\4579.jpg,mountain
data/raw\mountain\459.jpg,mountain
data/raw\mountain\4601.jpg,mountain
data/raw\mountain\4602.jpg,mountain
data/raw\mountain\4608.jpg,mountain
data/raw\mountain\4624.jpg,mountain
data/raw\mountain\4638.jpg,mountain
data/raw\mountain\4639.jpg,mountain
data/raw\mountain\4644.jpg,mountain
data/raw\mountain\4672.jpg,mountain
data/raw\mountain\4673.jpg,mountain
data/raw\mountain\4676.jpg,mountain
data/raw\mountain\4682.jpg,mountain
data/raw\mountain\4695.jpg,mountain
data/raw\mountain\4704.jpg,mountain
data/raw\mountain\4727.jpg,mountain
data/raw\mountain\4755.jpg,mountain
data/raw\mountain\4768.jpg,mountain
data/raw\mountain\4771.jpg,mountain
data/raw\mountain\4776.jpg,mountain
data/raw\mountain\480.jpg,mountain
data/raw\mountain\4803.jpg,mountain
data/raw\mountain\4826.jpg,mountain
data/raw\mountain\4850.jpg,mountain
data/raw\mountain\4851.jpg,mountain
data/raw\mountain\4855.jpg,mountain
data/raw\mountain\4856.jpg,mountain
data/raw\mountain\4857.jpg,mountain
data/raw\mountain\4859.jpg,mountain
data/raw\mountain\4862.jpg,mountain
data/raw\mountain\4864.jpg,mountain
data/raw\mountain\4875.jpg,mountain
data/raw\mountain\4886.jpg,mountain
data/raw\mountain\4913.jpg,mountain
data/raw\mountain\4923.jpg,mountain
data/raw\mountain\4924.jpg,mountain
data/raw\mountain\4927.jpg,mountain
data/raw\mountain\4941.jpg,mountain
data/raw\mountain\4951.jpg,mountain
data/raw\mountain\4953.jpg,mountain
data/raw\mountain\4964.jpg,mountain
data/raw\mountain\4970.jpg,mountain
data/raw\mountain\4977.jpg,mountain
data/raw\mountain\4980.jpg,mountain
data/raw\mountain\4992.jpg,mountain
data/raw\mountain\500.jpg,mountain
data/raw\mountain\5007.jpg,mountain
data/raw\mountain\5012.jpg,mountain
data/raw\mountain\5013.jpg,mountain
data/raw\mountain\5017.jpg,mountain
data/raw\mountain\5018.jpg,mountain
data/raw\mountain\5029.jpg,mountain
data/raw\mountain\5032.jpg,mountain
data/raw\mountain\5035.jpg,mountain
data/raw\mountain\5038.jpg,mountain
data/raw\mountain\5040.jpg,mountain
data/raw\mountain\5042.jpg,mountain
data/raw\mountain\5043.jpg,mountain
data/raw\mountain\5044.jpg,mountain
data/raw\mountain\5065.jpg,mountain
data/raw\mountain\5075.jpg,mountain
data/raw\mountain\5082.jpg,mountain
data/raw\mountain\5084.jpg,mountain
data/raw\mountain\5086.jpg,mountain
data/raw\mountain\5093.jpg,mountain
data/raw\mountain\5094.jpg,mountain
data/raw\mountain\5117.jpg,mountain
data/raw\mountain\5119.jpg,mountain
data/raw\mountain\5120.jpg,mountain
data/raw\mountain\5122.jpg,mountain
data/raw\mountain\5124.jpg,mountain
data/raw\mountain\5132.jpg,mountain
data/raw\mountain\5136.jpg,mountain
data/raw\mountain\5153.jpg,mountain
data/raw\mountain\5156.jpg,mountain
data/raw\mountain\5163.jpg,mountain
data/raw\mountain\5168.jpg,mountain
data/raw\mountain\5171.jpg,mountain
data/raw\mountain\5172.jpg,mountain
data/raw\mountain\518.jpg,mountain
data/raw\mountain\519.jpg,mountain
data/raw\mountain\5192.jpg,mountain
data/raw\mountain\5195.jpg,mountain
data/raw\mountain\5201.jpg,mountain
data/raw\mountain\5212.jpg,mountain
data/raw\mountain\5216.jpg,mountain
data/raw\mountain\5224.jpg,mountain
data/raw\mountain\5234.jpg,mountain
data/raw\mountain\5244.jpg,mountain
data/raw\mountain\525.jpg,mountain
data/raw\mountain\5252.jpg,mountain
data/raw\mountain\5257.jpg,mountain
data/raw\mountain\5263.jpg,mountain
data/raw\mountain\5264.jpg,mountain
data/raw\mountain\5272.jpg,mountain
data/raw\mountain\5276.jpg,mountain
data/raw\mountain\5281.jpg,mountain
data/raw\mountain\5287.jpg,mountain
data/raw\mountain\5294.jpg,mountain
data/raw\mountain\5295.jpg,mountain
data/raw\mountain\5296.jpg,mountain
data/raw\mountain\5298.jpg,mountain
data/raw\mountain\5306.jpg,mountain
data/raw\mountain\5309.jpg,mountain
data/raw\mountain\5330.jpg,mountain
data/raw\mountain\5334.jpg,mountain
data/raw\mountain\5357.jpg,mountain
data/raw\mountain\537.jpg,mountain
data/raw\mountain\5371.jpg,mountain
data/raw\mountain\5373.jpg,mountain
data/raw\mountain\5392.jpg,mountain
data/raw\mountain\5393.jpg,mountain
data/raw\mountain\5395.jpg,mountain
data/raw\mountain\5396.jpg,mountain
data/raw\mountain\5398.jpg,mountain
data/raw\mountain\5399.jpg,mountain
data/raw\mountain\5411.jpg,mountain
data/raw\mountain\5412.jpg,mountain
data/raw\mountain\5414.jpg,mountain
data/raw\mountain\5417.jpg,mountain
data/raw\mountain\5418.jpg,mountain
data/raw\mountain\5422.jpg,mountain
data/raw\mountain\543.jpg,mountain
data/raw\mountain\5431.jpg,mountain
data/raw\mountain\5433.jpg,mountain
data/raw\mountain\5436.jpg,mountain
data/raw\mountain\5459.jpg,mountain
data/raw\mountain\5471.jpg,mountain
data/raw\mountain\5485.jpg,mountain
data/raw\mountain\5487.jpg,mountain
data/raw\mountain\5489.jpg,mountain
data/raw\mountain\5513.jpg,mountain
data/raw\mountain\5514.jpg,mountain
data/raw\mountain\5515.jpg,mountain
data/raw\mountain\5521.jpg,mountain
data/raw\mountain\5529.jpg,mountain
data/raw\mountain\5532.jpg,mountain
data/raw\mountain\5536.jpg,mountain
data/raw\mountain\5538.jpg,mountain
data/raw\mountain\554.jpg,mountain
data/raw\mountain\5540.jpg,mountain
data/raw\mountain\5542.jpg,mountain
data/raw\mountain\5554.jpg,mountain
data/raw\mountain\5556.jpg,mountain
data/raw\mountain\5561.jpg,mountain
data/raw\mountain\5569.jpg,mountain
data/raw\mountain\5576.jpg,mountain
data/raw\mountain\5578.jpg,mountain
data/raw\mountain\5611.jpg,mountain
data/raw\mountain\5615.jpg,mountain
data/raw\mountain\5616.jpg,mountain
data/raw\mountain\5626.jpg,mountain
data/raw\mountain\5627.jpg,mountain
data/raw\mountain\5641.jpg,mountain
data/raw\mountain\5655.jpg,mountain
data/raw\mountain\5676.jpg,mountain
data/raw\mountain\5680.jpg,mountain
data/raw\mountain\5692.jpg,mountain
data/raw\mountain\5697.jpg,mountain
data/raw\mountain\5698.jpg,mountain
data/raw\mountain\5707.jpg,mountain
data/raw\mountain\571.jpg,mountain
data/raw\mountain\5719.jpg,mountain
data/raw\mountain\5720.jpg,mountain
data/raw\mountain\5722.jpg,mountain
data/raw\mountain\5730.jpg,mountain
data/raw\mountain\574.jpg,mountain
data/raw\mountain\5752.jpg,mountain
data/raw\mountain\5753.jpg,mountain
data/raw\mountain\5755.jpg,mountain
data/raw\mountain\5764.jpg,mountain
data/raw\mountain\5774.jpg,mountain
data/raw\mountain\5779.jpg,mountain
data/raw\mountain\5790.jpg,mountain
data/raw\mountain\5795.jpg,mountain
data/raw\mountain\5799.jpg,mountain
data/raw\mountain\58.jpg,mountain
data/raw\mountain\5811.jpg,mountain
data/raw\mountain\5812.jpg,mountain
data/raw\mountain\5828.jpg,mountain
data/raw\mountain\5832.jpg,mountain
data/raw\mountain\5836.jpg,mountain
data/raw\mountain\5855.jpg,mountain
data/raw\mountain\5869.jpg,mountain
data/raw\mountain\5873.jpg,mountain
data/raw\mountain\5877.jpg,mountain
data/raw\mountain\5878.jpg,mountain
data/raw\mountain\5885.jpg,mountain
data/raw\mountain\5886.jpg,mountain
data/raw\mountain\5890.jpg,mountain
data/raw\mountain\5895.jpg,mountain
data/raw\mountain\5907.jpg,mountain
data/raw\mountain\5915.jpg,mountain
data/raw\mountain\5917.jpg,mountain
data/raw\mountain\5921.jpg,mountain
data/raw\mountain\5924.jpg,mountain
data/raw\mountain\5925.jpg,mountain
data/raw\mountain\5926.jpg,mountain
data/raw\mountain\5928.jpg,mountain
data/raw\mountain\5937.jpg,mountain
data/raw\mountain\5939.jpg,mountain
data/raw\mountain\5940.jpg,mountain
data/raw\mountain\5943.jpg,mountain
data/raw\mountain\5960.jpg,mountain
data/raw\mountain\5963.jpg,mountain
data/raw\mountain\5984.jpg,mountain
data/raw\mountain\6000.jpg,mountain
data/raw\mountain\6003.jpg,mountain
data/raw\mountain\6006.jpg,mountain
data/raw\mountain\6012.jpg,mountain
data/raw\mountain\6018.jpg,mountain
data/raw\mountain\6022.jpg,mountain
data/raw\mountain\6032.jpg,mountain
data/raw\mountain\6034.jpg,mountain
data/raw\mountain\6036.jpg,mountain
data/raw\mountain\6057.jpg,mountain
data/raw\mountain\6067.jpg,mountain
data/raw\mountain\6070.jpg,mountain
data/raw\mountain\6079.jpg,mountain
data/raw\mountain\6083.jpg,mountain
data/raw\mountain\6088.jpg,mountain
data/raw\mountain\610.jpg,mountain
data/raw\mountain\6100.jpg,mountain
data/raw\mountain\6101.jpg,mountain
data/raw\mountain\6114.jpg,mountain
data/raw\mountain\6115.jpg,mountain
data/raw\mountain\6126.jpg,mountain
data/raw\mountain\6129.jpg,mountain
data/raw\mountain\6147.jpg,mountain
data/raw\mountain\6151.jpg,mountain
data/raw\mountain\6156.jpg,mountain
data/raw\mountain\6157.jpg,mountain
data/raw\mountain\6159.jpg,mountain
data/raw\mountain\6167.jpg,mountain
data/raw\mountain\6172.jpg,mountain
data/raw\mountain\6210.jpg,mountain
data/raw\mountain\6215.jpg,mountain
data/raw\mountain\6222.jpg,mountain
data/raw\mountain\6239.jpg,mountain
data/raw\mountain\6243.jpg,mountain
data/raw\mountain\6254.jpg,mountain
data/raw\mountain\6256.jpg,mountain
data/raw\mountain\6263.jpg,mountain
data/raw\mountain\6267.jpg,mountain
data/raw\mountain\6268.jpg,mountain
data/raw\mountain\6272.jpg,mountain
data/raw\mountain\6273.jpg,mountain
data/raw\mountain\6276.jpg,mountain
data/raw\mountain\6278.jpg,mountain
data/raw\mountain\6295.jpg,mountain
data/raw\mountain\6311.jpg,mountain
data/raw\mountain\6314.jpg,mountain
data/raw\mountain\6323.jpg,mountain
data/raw\mountain\6327.jpg,mountain
data/raw\mountain\6330.jpg,mountain
data/raw\mountain\6358.jpg,mountain
data/raw\mountain\6363.jpg,mountain
data/raw\mountain\6367.jpg,mountain
data/raw\mountain\6385.jpg,mountain
data/raw\mountain\6391.jpg,mountain
data/raw\mountain\6398.jpg,mountain
data/raw\mountain\6406.jpg,mountain
data/raw\mountain\6407.jpg,mountain
data/raw\mountain\6411.jpg,mountain
data/raw\mountain\6440.jpg,mountain
data/raw\mountain\6445.jpg,mountain
data/raw\mountain\6452.jpg,mountain
data/raw\mountain\6455.jpg,mountain
data/raw\mountain\6465.jpg,mountain
data/raw\mountain\6467.jpg,mountain
data/raw\mountain\6470.jpg,mountain
data/raw\mountain\6471.jpg,mountain
data/raw\mountain\6472.jpg,mountain
data/raw\mountain\6482.jpg,mountain
data/raw\mountain\6494.jpg,mountain
data/raw\mountain\6495.jpg,mountain
data/raw\mountain\6498.jpg,mountain
data/raw\mountain\6510.jpg,mountain
data/raw\mountain\6512.jpg,mountain
data/raw\mountain\6518.jpg,mountain
data/raw\mountain\6540.jpg,mountain
data/raw\mountain\6545.jpg,mountain
data/raw\mountain\6548.jpg,mountain
data/raw\mountain\6549.jpg,mountain
data/raw\mountain\6560.jpg,mountain
data/raw\mountain\6589.jpg,mountain
data/raw\mountain\659.jpg,mountain
data/raw\mountain\6592.jpg,mountain
data/raw\mountain\6600.jpg,mountain
data/raw\mountain\6601.jpg,mountain
data/raw\mountain\6602.jpg,mountain
data/raw\mountain\6606.jpg,mountain
data/raw\mountain\6607.jpg,mountain
data/raw\mountain\6627.jpg,mountain
data/raw\mountain\6632.jpg,mountain
data/raw\mountain\6633.jpg,mountain
data/raw\mountain\6637.jpg,mountain
data/raw\mountain\6638.jpg,mountain
data/raw\mountain\6645.jpg,mountain
data/raw\mountain\6656.jpg,mountain
data/raw\mountain\6664.jpg,mountain
data/raw\mountain\6667.jpg,mountain
data/raw\mountain\6670.jpg,mountain
data/raw\mountain\6671.jpg,mountain
data/raw\mountain\6676.jpg,mountain
data/raw\mountain\6678.jpg,mountain
data/raw\mountain\669.jpg,mountain
data/raw\mountain\6695.jpg,mountain
data/raw\mountain\6697.jpg,mountain
data/raw\mountain\6698.jpg,mountain
data/raw\mountain\6709.jpg,mountain
data/raw\mountain\6711.jpg,mountain
data/raw\mountain\6712.jpg,mountain
data/raw\mountain\6726.jpg,mountain
data/raw\mountain\6728.jpg,mountain
data/raw\mountain\6735.jpg,mountain
data/raw\mountain\675.jpg,mountain
data/raw\mountain\6760.jpg,mountain
data/raw\mountain\6766.jpg,mountain
data/raw\mountain\6770.jpg,mountain
data/raw\mountain\6771.jpg,mountain
data/raw\mountain\6782.jpg,mountain
data/raw\mountain\6790.jpg,mountain
data/raw\mountain\6809.jpg,mountain
data/raw\mountain\6813.jpg,mountain
data/raw\mountain\6821.jpg,mountain
data/raw\mountain\6827.jpg,mountain
data/raw\mountain\683.jpg,mountain
data/raw\mountain\684.jpg,mountain
data/raw\mountain\6842.jpg,mountain
data/raw\mountain\6852.jpg,mountain
data/raw\mountain\686.jpg,mountain
data/raw\mountain\6868.jpg,mountain
data/raw\mountain\6869.jpg,mountain
data/raw\mountain\6873.jpg,mountain
data/raw\mountain\6877.jpg,mountain
data/raw\mountain\6883.jpg,mountain
data/raw\mountain\6888.jpg,mountain
data/raw\mountain\6907.jpg,mountain
data/raw\mountain\6914.jpg,mountain
data/raw\mountain\6915.jpg,mountain
data/raw\mountain\6919.jpg,mountain
data/raw\mountain\6926.jpg,mountain
data/raw\mountain\6932.jpg,mountain
data/raw\mountain\6934.jpg,mountain
data/raw\mountain\6944.jpg,mountain
data/raw\mountain\6949.jpg,mountain
data/raw\mountain\6969.jpg,mountain
data/raw\mountain\6972.jpg,mountain
data/raw\mountain\6986.jpg,mountain
data/raw\mountain\6987.jpg,mountain
data/raw\mountain\6994.jpg,mountain
data/raw\mountain\7002.jpg,mountain
data/raw\mountain\7015.jpg,mountain
data/raw\mountain\7018.jpg,mountain
data/raw\mountain\7020.jpg,mountain
data/raw\mountain\7021.jpg,mountain
data/raw\mountain\7026.jpg,mountain
data/raw\mountain\7037.jpg,mountain
data/raw\mountain\7047.jpg,mountain
data/raw\mountain\7049.jpg,mountain
data/raw\mountain\7060.jpg,mountain
data/raw\mountain\7061.jpg,mountain
data/raw\mountain\7063.jpg,mountain
data/raw\mountain\7073.jpg,mountain
data/raw\mountain\708.jpg,mountain
data/raw\mountain\7083.jpg,mountain
data/raw\mountain\71.jpg,mountain
data/raw\mountain\710.jpg,mountain
data/raw\mountain\7103.jpg,mountain
data/raw\mountain\7105.jpg,mountain
data/raw\mountain\7113.jpg,mountain
data/raw\mountain\7121.jpg,mountain
data/raw\mountain\7126.jpg,mountain
data/raw\mountain\7139.jpg,mountain
data/raw\mountain\7142.jpg,mountain
data/raw\mountain\7144.jpg,mountain
data/raw\mountain\7152.jpg,mountain
data/raw\mountain\7157.jpg,mountain
data/raw\mountain\7165.jpg,mountain
data/raw\mountain\7167.jpg,mountain
data/raw\mountain\7169.jpg,mountain
data/raw\mountain\7204.jpg,mountain
data/raw\mountain\7209.jpg,mountain
data/raw\mountain\7226.jpg,mountain
data/raw\mountain\7247.jpg,mountain
data/raw\mountain\7248.jpg,mountain
data/raw\mountain\7252.jpg,mountain
data/raw\mountain\7255.jpg,mountain
data/raw\mountain\7268.jpg,mountain
data/raw\mountain\7278.jpg,mountain
data/raw\mountain\728.jpg,mountain
data/raw\mountain\7289.jpg,mountain
data/raw\mountain\729.jpg,mountain
data/raw\mountain\7298.jpg,mountain
data/raw\mountain\730.jpg,mountain
data/raw\mountain\7306.jpg,mountain
data/raw\mountain\7326.jpg,mountain
data/raw\mountain\7332.jpg,mountain
data/raw\mountain\7346.jpg,mountain
data/raw\mountain\7350.jpg,mountain
data/raw\mountain\7351.jpg,mountain
data/raw\mountain\7354.jpg,mountain
data/raw\mountain\7355.jpg,mountain
data/raw\mountain\7359.jpg,mountain
data/raw\mountain\7360.jpg,mountain
data/raw\mountain\737.jpg,mountain
data/raw\mountain\7375.jpg,mountain
data/raw\mountain\7387.jpg,mountain
data/raw\mountain\7393.jpg,mountain
data/raw\mountain\7400.jpg,mountain
data/raw\mountain\7401.jpg,mountain
data/raw\mountain\7412.jpg,mountain
data/raw\mountain\7416.jpg,mountain
data/raw\mountain\7421.jpg,mountain
data/raw\mountain\743.jpg,mountain
data/raw\mountain\7442.jpg,mountain
data/raw\mountain\7448.jpg,mountain
data/raw\mountain\7464.jpg,mountain
data/raw\mountain\7474.jpg,mountain
data/raw\mountain\748.jpg,mountain
data/raw\mountain\7506.jpg,mountain
data/raw\mountain\7537.jpg,mountain
data/raw\mountain\7539.jpg,mountain
data/raw\mountain\7551.jpg,mountain
data/raw\mountain\7560.jpg,mountain
data/raw\mountain\7565.jpg,mountain
data/raw\mountain\7578.jpg,mountain
data/raw\mountain\7581.jpg,mountain
data/raw\mountain\7586.jpg,mountain
data/raw\mountain\7647.jpg,mountain
data/raw\mountain\7652.jpg,mountain
data/raw\mountain\7654.jpg,mountain
data/raw\mountain\7662.jpg,mountain
data/raw\mountain\767.jpg,mountain
data/raw\mountain\7672.jpg,mountain
data/raw\mountain\7679.jpg,mountain
data/raw\mountain\7681.jpg,mountain
data/raw\mountain\7693.jpg,mountain
data/raw\mountain\7695.jpg,mountain
data/raw\mountain\7698.jpg,mountain
data/raw\mountain\7700.jpg,mountain
data/raw\mountain\771.jpg,mountain
data/raw\mountain\7715.jpg,mountain
data/raw\mountain\7744.jpg,mountain
data/raw\mountain\7745.jpg,mountain
data/raw\mountain\7751.jpg,mountain
data/raw\mountain\7763.jpg,mountain
data/raw\mountain\7771.jpg,mountain
data/raw\mountain\7780.jpg,mountain
data/raw\mountain\7787.jpg,mountain
data/raw\mountain\7788.jpg,mountain
data/raw\mountain\7813.jpg,mountain
data/raw\mountain\7816.jpg,mountain
data/raw\mountain\7819.jpg,mountain
data/raw\mountain\7820.jpg,mountain
data/raw\mountain\7823.jpg,mountain
data/raw\mountain\7836.jpg,mountain
data/raw\mountain\784.jpg,mountain
data/raw\mountain\7841.jpg,mountain
data/raw\mountain\7842.jpg,mountain
data/raw\mountain\7845.jpg,mountain
data/raw\mountain\7849.jpg,mountain
data/raw\mountain\7851.jpg,mountain
data/raw\mountain\790.jpg,mountain
data/raw\mountain\800.jpg,mountain
data/raw\mountain\805.jpg,mountain
data/raw\mountain\816.jpg,mountain
data/raw\mountain\820.jpg,mountain
data/raw\mountain\821.jpg,mountain
data/raw\mountain\822.jpg,mountain
data/raw\mountain\823.jpg,mountain
data/raw\mountain\827.jpg,mountain
data/raw\mountain\848.jpg,mountain
data/raw\mountain\85.jpg,mountain
data/raw\mountain\857.jpg,mountain
data/raw\mountain\860.jpg,mountain
data/raw\mountain\866.jpg,mountain
data/raw\mountain\883.jpg,mountain
data/raw\mountain\884.jpg,mountain
data/raw\mountain\899.jpg,mountain
data/raw\mountain\914.jpg,mountain
data/raw\mountain\932.jpg,mountain
data/raw\mountain\941.jpg,mountain
data/raw\mountain\95.jpg,mountain
data/raw\mountain\956.jpg,mountain
data/raw\mountain\959.jpg,mountain
data/raw\mountain\964.jpg,mountain
data/raw\mountain\972.jpg,mountain
data/raw\mountain\976.jpg,mountain
data/raw\sea\1.jpg,sea
data/raw\sea\1014.jpg,sea
data/raw\sea\102.jpg,sea
data/raw\sea\1021.jpg,sea
data/raw\sea\1022.jpg,sea
data/raw\sea\1027.jpg,sea
data/raw\sea\1035.jpg,sea
data/raw\sea\1038.jpg,sea
data/raw\sea\1043.jpg,sea
data/raw\sea\1047.jpg,sea
data/raw\sea\107.jpg,sea
data/raw\sea\1075.jpg,sea
data/raw\sea\1098.jpg,sea
data/raw\sea\1116.jpg,sea
data/raw\sea\1124.jpg,sea
data/raw\sea\1138.jpg,sea
data/raw\sea\1152.jpg,sea
data/raw\sea\1157.jpg,sea
data/raw\sea\116.jpg,sea
data/raw\sea\1172.jpg,sea
data/raw\sea\1175.jpg,sea
data/raw\sea\1178.jpg,sea
data/raw\sea\1198.jpg,sea
data/raw\sea\1236.jpg,sea
data/raw\sea\124.jpg,sea
data/raw\sea\1251.jpg,sea
data/raw\sea\1254.jpg,sea
data/raw\sea\1256.jpg,sea
data/raw\sea\1282.jpg,sea
data/raw\sea\1295.jpg,sea
data/raw\sea\1301.jpg,sea
data/raw\sea\1318.jpg,sea
data/raw\sea\1321.jpg,sea
data/raw\sea\1326.jpg,sea
data/raw\sea\1342.jpg,sea
data/raw\sea\1345.jpg,sea
data/raw\sea\136.jpg,sea
data/raw\sea\1367.jpg,sea
data/raw\sea\1368.jpg,sea
data/raw\sea\1377.jpg,sea
data/raw\sea\1394.jpg,sea
data/raw\sea\1421.jpg,sea
data/raw\sea\1423.jpg,sea
data/raw\sea\1434.jpg,sea
data/raw\sea\1437.jpg,sea
data/raw\sea\1447.jpg,sea
data/raw\sea\1450.jpg,sea
data/raw\sea\1484.jpg,sea
data/raw\sea\1490.jpg,sea
data/raw\sea\1498.jpg,sea
data/raw\sea\1543.jpg,sea
data/raw\sea\1553.jpg,sea
data/raw\sea\1570.jpg,sea
data/raw\sea\1595.jpg,sea
data/raw\sea\1616.jpg,sea
data/raw\sea\1619.jpg,sea
data/raw\sea\1635.jpg,sea
data/raw\sea\165.jpg,sea
data/raw\sea\1650.jpg,sea
data/raw\sea\1654.jpg,sea
data/raw\sea\1673.jpg,sea
data/raw\sea\1675.jpg,sea
data/raw\sea\1679.jpg,sea
data/raw\sea\1682.jpg,sea
data/raw\sea\1695.jpg,sea
data/raw\sea\1696.jpg,sea
data/raw\sea\1706.jpg,sea
data/raw\sea\1707.jpg,sea
data/raw\sea\1709.jpg,sea
data/raw\sea\1723.jpg,sea
data/raw\sea\174.jpg,sea
data/raw\sea\1741.jpg,sea
data/raw\sea\1775.jpg,sea
data/raw\sea\178.jpg,sea
data/raw\sea\1791.jpg,sea
data/raw\sea\1798.jpg,sea
data/raw\sea\180.jpg,sea
data/raw\sea\1806.jpg,sea
data/raw\sea\1807.jpg,sea
data/raw\sea\1817.jpg,sea
data/raw\sea\1832.jpg,sea
data/raw\sea\1840.jpg,sea
data/raw\sea\1841.jpg,sea
data/raw\sea\1854.jpg,sea
data/raw\sea\1857.jpg,sea
data/raw\sea\1858.jpg,sea
data/raw\sea\1862.jpg,sea
data/raw\sea\1874.jpg,sea
data/raw\sea\1890.jpg,sea
data/raw\sea\1892.jpg,sea
data/raw\sea\1895.jpg,sea
data/raw\sea\1911.jpg,sea
data/raw\sea\1913.jpg,sea
data/raw\sea\1916.jpg,sea
data/raw\sea\193.jpg,sea
data/raw\sea\1944.jpg,sea
data/raw\sea\1976.jpg,sea
data/raw\sea\1978.jpg,sea
data/raw\sea\1980.jpg,sea
data/raw\sea\1982.jpg,sea
data/raw\sea\1999.jpg,sea
data/raw\sea\20.jpg,sea
data/raw\sea\200.jpg,sea
data/raw\sea\2006.jpg,sea
data/raw\sea\2012.jpg,sea
data/raw\sea\2015.jpg,sea
data/raw\sea\2036.jpg,sea
data/raw\sea\2042.jpg,sea
data/raw\sea\2048.jpg,sea
data/raw\sea\2052.jpg,sea
data/raw\sea\2058.jpg,sea
data/raw\sea\206.jpg,sea
data/raw\sea\2061.jpg,sea
data/raw\sea\2062.jpg,sea
data/raw\sea\2063.jpg,sea
data/raw\sea\207.jpg,sea
data/raw\sea\2070.jpg,sea
data/raw\sea\2073.jpg,sea
data/raw\sea\2075.jpg,sea
data/raw\sea\2080.jpg,sea
data/raw\sea\2086.jpg,sea
data/raw\sea\21.jpg,sea
data/raw\sea\2109.jpg,sea
data/raw\sea\2132.jpg,sea
data/raw\sea\2137.jpg,sea
data/raw\sea\2148.jpg,sea
data/raw\sea\2154.jpg,sea
data/raw\sea\216.jpg,sea
data/raw\sea\217.jpg,sea
data/raw\sea\2192.jpg,sea
data/raw\sea\2194.jpg,sea
data/raw\sea\2195.jpg,sea
data/raw\sea\2214.jpg,sea
data/raw\sea\2225.jpg,sea
data/raw\sea\2229.jpg,sea
data/raw\sea\224.jpg,sea
data/raw\sea\2242.jpg,sea
data/raw\sea\2265.jpg,sea
data/raw\sea\2272.jpg,sea
data/raw\sea\2291.jpg,sea
data/raw\sea\2318.jpg,sea
data/raw\sea\2334.jpg,sea
data/raw\sea\2337.jpg,sea
data/raw\sea\2338.jpg,sea
data/raw\sea\2346.jpg,sea
data/raw\sea\2349.jpg,sea
data/raw\sea\2358.jpg,sea
data/raw\sea\2365.jpg,sea
data/raw\sea\2371.jpg,sea
data/raw\sea\2377.jpg,sea
data/raw\sea\2384.jpg,sea
data/raw\sea\239.jpg,sea
data/raw\sea\2391.jpg,sea
data/raw\sea\2394.jpg,sea
data/raw\sea\2407.jpg,sea
data/raw\sea\2409.jpg,sea
data/raw\sea\2415.jpg,sea
data/raw\sea\2439.jpg,sea
data/raw\sea\2451.jpg,sea
data/raw\sea\2456.jpg,sea
data/raw\sea\2460.jpg,sea
data/raw\sea\2461.jpg,sea
data/raw\sea\2462.jpg,sea
data/raw\sea\2475.jpg,sea
data/raw\sea\248.jpg,sea
data/raw\sea\2484.jpg,sea
data/raw\sea\2486.jpg,sea
data/raw\sea\2489.jpg,sea
data/raw\sea\2508.jpg,sea
data/raw\sea\2515.jpg,sea
data/raw\sea\2516.jpg,sea
data/raw\sea\2529.jpg,sea
data/raw\sea\253.jpg,sea
data/raw\sea\2544.jpg,sea
data/raw\sea\2546.jpg,sea
data/raw\sea\2547.jpg,sea
data/raw\sea\2548.jpg,sea
data/raw\sea\2550.jpg,sea
data/raw\sea\2555.jpg,sea
data/raw\sea\2566.jpg,sea
data/raw\sea\2589.jpg,sea
data/raw\sea\2594.jpg,sea
data/raw\sea\2596.jpg,sea
data/raw\sea\2598.jpg,sea
data/raw\sea\261.jpg,sea
data/raw\sea\2616.jpg,sea
data/raw\sea\2617.jpg,sea
data/raw\sea\2619.jpg,sea
data/raw\sea\2621.jpg,sea
data/raw\sea\2623.jpg,sea
data/raw\sea\2644.jpg,sea
data/raw\sea\2649.jpg,sea
data/raw\sea\2656.jpg,sea
data/raw\sea\2665.jpg,sea
data/raw\sea\2668.jpg,sea
data/raw\sea\2669.jpg,sea
data/raw\sea\2671.jpg,sea
data/raw\sea\2693.jpg,sea
data/raw\sea\27.jpg,sea
data/raw\sea\2707.jpg,sea
data/raw\sea\2715.jpg,sea
data/raw\sea\272.jpg,sea
data/raw\sea\2723.jpg,sea
data/raw\sea\2732.jpg,sea
data/raw\sea\2740.jpg,sea
data/raw\sea\2759.jpg,sea
data/raw\sea\2765.jpg,sea
data/raw\sea\2774.jpg,sea
data/raw\sea\2806.jpg,sea
data/raw\sea\281.jpg,sea
data/raw\sea\2811.jpg,sea
data/raw\sea\2822.jpg,sea
data/raw\sea\283.jpg,sea
data/raw\sea\2838.jpg,sea
data/raw\sea\2839.jpg,sea
data/raw\sea\285.jpg,sea
data/raw\sea\2856.jpg,sea
data/raw\sea\2864.jpg,sea
data/raw\sea\2869.jpg,sea
data/raw\sea\2870.jpg,sea
data/raw\sea\2878.jpg,sea
data/raw\sea\2886.jpg,sea
data/raw\sea\2891.jpg,sea
data/raw\sea\290.jpg,sea
data/raw\sea\2902.jpg,sea
data/raw\sea\2907.jpg,sea
data/raw\sea\2934.jpg,sea
data/raw\sea\2937.jpg,sea
data/raw\sea\2944.jpg,sea
data/raw\sea\2959.jpg,sea
data/raw\sea\2963.jpg,sea
data/raw\sea\2967.jpg,sea
data/raw\sea\2971.jpg,sea
data/raw\sea\2973.jpg,sea
data/raw\sea\2975.jpg,sea
data/raw\sea\298.jpg,sea
data/raw\sea\299.jpg,sea
data/raw\sea\2991.jpg,sea
data/raw\sea\2996.jpg,sea
data/raw\sea\300.jpg,sea
data/raw\sea\3009.jpg,sea
data/raw\sea\3010.jpg,sea
data/raw\sea\3018.jpg,sea
data/raw\sea\3019.jpg,sea
data/raw\sea\3031.jpg,sea
data/raw\sea\3032.jpg,sea
data/raw\sea\3040.jpg,sea
data/raw\sea\3041.jpg,sea
data/raw\sea\3046.jpg,sea
data/raw\sea\3053.jpg,sea
data/raw\sea\306.jpg,sea
data/raw\sea\3061.jpg,sea
data/raw\sea\3066.jpg,sea
data/raw\sea\3074.jpg,sea
data/raw\sea\3076.jpg,sea
data/raw\sea\3083.jpg,sea
data/raw\sea\3099.jpg,sea
data/raw\sea\3103.jpg,sea
data/raw\sea\3108.jpg,sea
data/raw\sea\3110.jpg,sea
data/raw\sea\3147.jpg,sea
data/raw\sea\3153.jpg,sea
data/raw\sea\3154.jpg,sea
data/raw\sea\3158.jpg,sea
data/raw\sea\3185.jpg,sea
data/raw\sea\3192.jpg,sea
data/raw\sea\3196.jpg,sea
data/raw\sea\3197.jpg,sea
data/raw\sea\3200.jpg,sea
data/raw\sea\3215.jpg,sea
data/raw\sea\3218.jpg,sea
data/raw\sea\3221.jpg,sea
data/raw\sea\3235.jpg,sea
data/raw\sea\3238.jpg,sea
data/raw\sea\326.jpg,sea
data/raw\sea\3262.jpg,sea
data/raw\sea\3264.jpg,sea
data/raw\sea\3266.jpg,sea
data/raw\sea\3268.jpg,sea
data/raw\sea\3296.jpg,sea
data/raw\sea\3307.jpg,sea
data/raw\sea\3311.jpg,sea
data/raw\sea\332.jpg,sea
data/raw\sea\3327.jpg,sea
data/raw\sea\3333.jpg,sea
data/raw\sea\3353.jpg,sea
data/raw\sea\336.jpg,sea
data/raw\sea\3361.jpg,sea
data/raw\sea\3376.jpg,sea
data/raw\sea\3381.jpg,sea
data/raw\sea\339.jpg,sea
data/raw\sea\341.jpg,sea
data/raw\sea\3426.jpg,sea
data/raw\sea\345.jpg,sea
data/raw\sea\3467.jpg,sea
data/raw\sea\3470.jpg,sea
data/raw\sea\3479.jpg,sea
data/raw\sea\3482.jpg,sea
data/raw\sea\3484.jpg,sea
data/raw\sea\3491.jpg,sea
data/raw\sea\3497.jpg,sea
data/raw\sea\3504.jpg,sea
data/raw\sea\3511.jpg,sea
data/raw\sea\3514.jpg,sea
data/raw\sea\3549.jpg,sea
data/raw\sea\3561.jpg,sea
data/raw\sea\3562.jpg,sea
data/raw\sea\357.jpg,sea
data/raw\sea\3601.jpg,sea
data/raw\sea\3607.jpg,sea
data/raw\sea\3615.jpg,sea
data/raw\sea\3623.jpg,sea
data/raw\sea\3628.jpg,sea
data/raw\sea\363.jpg,sea
data/raw\sea\3635.jpg,sea
data/raw\sea\3671.jpg,sea
data/raw\sea\3678.jpg,sea
data/raw\sea\3691.jpg,sea
data/raw\sea\3717.jpg,sea
data/raw\sea\3718.jpg,sea
data/raw\sea\372.jpg,sea
data/raw\sea\3726.jpg,sea
data/raw\sea\3731.jpg,sea
data/raw\sea\3749.jpg,sea
data/raw\sea\3751.jpg,sea
data/raw\sea\376.jpg,sea
data/raw\sea\3783.jpg,sea
data/raw\sea\3784.jpg,sea
data/raw\sea\3795.jpg,sea
data/raw\sea\3804.jpg,sea
data/raw\sea\3807.jpg,sea
data/raw\sea\3810.jpg,sea
data/raw\sea\3812.jpg,sea
data/raw\sea\3824.jpg,sea
data/raw\sea\3840.jpg,sea
data/raw\sea\3841.jpg,sea
data/raw\sea\386.jpg,sea
data/raw\sea\3881.jpg,sea
data/raw\sea\3882.jpg,sea
data/raw\sea\3884.jpg,sea
data/raw\sea\3895.jpg,sea
data/raw\sea\3903.jpg,sea
data/raw\sea\391.jpg,sea
data/raw\sea\3922.jpg,sea
data/raw\sea\3933.jpg,sea
data/raw\sea\3944.jpg,sea
data/raw\sea\3950.jpg,sea
data/raw\sea\3952.jpg,sea
data/raw\sea\3954.jpg,sea
data/raw\sea\3968.jpg,sea
data/raw\sea\3972.jpg,sea
data/raw\sea\3980.jpg,sea
data/raw\sea\3984.jpg,sea
data/raw\sea\4008.jpg,sea
data/raw\sea\4017.jpg,sea
data/raw\sea\4025.jpg,sea
data/raw\sea\4027.jpg,sea
data/raw\sea\4038.jpg,sea
data/raw\sea\4041.jpg,sea
data/raw\sea\4047.jpg,sea
data/raw\sea\4068.jpg,sea
data/raw\sea\4076.jpg,sea
data/raw\sea\4081.jpg,sea
data/raw\sea\4088.jpg,sea
data/raw\sea\4093.jpg,sea
data/raw\sea\4095.jpg,sea
data/raw\sea\4097.jpg,sea
data/raw\sea\4099.jpg,sea
data/raw\sea\4110.jpg,sea
data/raw\sea\4112.jpg,sea
data/raw\sea\4116.jpg,sea
data/raw\sea\4131.jpg,sea
data/raw\sea\4137.jpg,sea
data/raw\sea\4144.jpg,sea
data/raw\sea\416.jpg,sea
data/raw\sea\4184.jpg,sea
data/raw\sea\4186.jpg,sea
data/raw\sea\419.jpg,sea
data/raw\sea\4199.jpg,sea
data/raw\sea\4202.jpg,sea
data/raw\sea\4211.jpg,sea
data/raw\sea\4221.jpg,sea
data/raw\sea\4225.jpg,sea
data/raw\sea\4232.jpg,sea
data/raw\sea\4250.jpg,sea
data/raw\sea\4251.jpg,sea
data/raw\sea\4252.jpg,sea
data/raw\sea\4256.jpg,sea
data/raw\sea\4257.jpg,sea
data/raw\sea\4264.jpg,sea
data/raw\sea\4266.jpg,sea
data/raw\sea\427.jpg,sea
data/raw\sea\4270.jpg,sea
data/raw\sea\4287.jpg,sea
data/raw\sea\4297.jpg,sea
data/raw\sea\431.jpg,sea
data/raw\sea\4314.jpg,sea
data/raw\sea\432.jpg,sea
data/raw\sea\4322.jpg,sea
data/raw\sea\433.jpg,sea
data/raw\sea\4334.jpg,sea
data/raw\sea\4335.jpg,sea
data/raw\sea\4346.jpg,sea
data/raw\sea\4358.jpg,sea
data/raw\sea\4383.jpg,sea
data/raw\sea\4386.jpg,sea
data/raw\sea\4388.jpg,sea
data/raw\sea\4401.jpg,sea
data/raw\sea\4403.jpg,sea
data/raw\sea\4404.jpg,sea
data/raw\sea\4408.jpg,sea
data/raw\sea\441.jpg,sea
data/raw\sea\4410.jpg,sea
data/raw\sea\4412.jpg,sea
data/raw\sea\4423.jpg,sea
data/raw\sea\4428.jpg,sea
data/raw\sea\4431.jpg,sea
data/raw\sea\4433.jpg,sea
data/raw\sea\4437.jpg,sea
data/raw\sea\444.jpg,sea
data/raw\sea\4441.jpg,sea
data/raw\sea\4446.jpg,sea
data/raw\sea\4450.jpg,sea
data/raw\sea\4452.jpg,sea
data/raw\sea\447.jpg,sea
data/raw\sea\4471.jpg,sea
data/raw\sea\4482.jpg,sea
data/raw\sea\449.jpg,sea
data/raw\sea\4491.jpg,sea
data/raw\sea\4493.jpg,sea
data/raw\sea\4504.jpg,sea
data/raw\sea\4514.jpg,sea
data/raw\sea\4527.jpg,sea
data/raw\sea\4529.jpg,sea
data/raw\sea\4536.jpg,sea
data/raw\sea\4555.jpg,sea
data/raw\sea\456.jpg,sea
data/raw\sea\4561.jpg,sea
data/raw\sea\4569.jpg,sea
data/raw\sea\4578.jpg,sea
data/raw\sea\4617.jpg,sea
data/raw\sea\4622.jpg,sea
data/raw\sea\4626.jpg,sea
data/raw\sea\4633.jpg,sea
data/raw\sea\4645.jpg,sea
data/raw\sea\4648.jpg,sea
data/raw\sea\4651.jpg,sea
data/raw\sea\4654.jpg,sea
data/raw\sea\4669.jpg,sea
data/raw\sea\4671.jpg,sea
data/raw\sea\468.jpg,sea
data/raw\sea\469.jpg,sea
data/raw\sea\4700.jpg,sea
data/raw\sea\4705.jpg,sea
data/raw\sea\4711.jpg,sea
data/raw\sea\4716.jpg,sea
data/raw\sea\4729.jpg,sea
data/raw\sea\4731.jpg,sea
data/raw\sea\4745.jpg,sea
data/raw\sea\476.jpg,sea
data/raw\sea\4762.jpg,sea
data/raw\sea\4767.jpg,sea
data/raw\sea\4775.jpg,sea
data/raw\sea\4779.jpg,sea
data/raw\sea\4785.jpg,sea
data/raw\sea\4788.jpg,sea
data/raw\sea\4789.jpg,sea
data/raw\sea\4790.jpg,sea
data/raw\sea\4791.jpg,sea
data/raw\sea\4794.jpg,sea
data/raw\sea\4798.jpg,sea
data/raw\sea\4800.jpg,sea
data/raw\sea\4805.jpg,sea
data/raw\sea\481.jpg,sea
data/raw\sea\4810.jpg,sea
data/raw\sea\4819.jpg,sea
data/raw\sea\4824.jpg,sea
data/raw\sea\4831.jpg,sea
data/raw\sea\4838.jpg,sea
data/raw\sea\4840.jpg,sea
data/raw\sea\4844.jpg,sea
data/raw\sea\486.jpg,sea
data/raw\sea\4861.jpg,sea
data/raw\sea\4865.jpg,sea
data/raw\sea\4870.jpg,sea
data/raw\sea\4874.jpg,sea
data/raw\sea\4889.jpg,sea
data/raw\sea\4898.jpg,sea
data/raw\sea\4901.jpg,sea
data/raw\sea\4904.jpg,sea
data/raw\sea\4908.jpg,sea
data/raw\sea\4912.jpg,sea
data/raw\sea\4914.jpg,sea
data/raw\sea\4920.jpg,sea
data/raw\sea\4934.jpg,sea
data/raw\sea\4936.jpg,sea
data/raw\sea\4939.jpg,sea
data/raw\sea\4940.jpg,sea
data/raw\sea\4945.jpg,sea
data/raw\sea\4954.jpg,sea
data/raw\sea\4958.jpg,sea
data/raw\sea\4973.jpg,sea
data/raw\sea\4974.jpg,sea
data/raw\sea\4982.jpg,sea
data/raw\sea\5009.jpg,sea
data/raw\sea\5011.jpg,sea
data/raw\sea\5021.jpg,sea
data/raw\sea\5023.jpg,sea
data/raw\sea\5033.jpg,sea
data/raw\sea\5034.jpg,sea
data/raw\sea\5045.jpg,sea
data/raw\sea\5047.jpg,sea
data/raw\sea\5050.jpg,sea
data/raw\sea\5052.jpg,sea
data/raw\sea\5071.jpg,sea
data/raw\sea\5076.jpg,sea
data/raw\sea\5096.jpg,sea
data/raw\sea\5104.jpg,sea
data/raw\sea\5105.jpg,sea
data/raw\sea\512.jpg,sea
data/raw\sea\5123.jpg,sea
data/raw\sea\5127.jpg,sea
data/raw\sea\5129.jpg,sea
data/raw\sea\5133.jpg,sea
data/raw\sea\514.jpg,sea
data/raw\sea\5140.jpg,sea
data/raw\sea\5145.jpg,sea
data/raw\sea\5147.jpg,sea
data/raw\sea\5149.jpg,sea
data/raw\sea\5154.jpg,sea
data/raw\sea\5165.jpg,sea
data/raw\sea\5166.jpg,sea
data/raw\sea\5173.jpg,sea
data/raw\sea\5175.jpg,sea
data/raw\sea\5177.jpg,sea
data/raw\sea\5183.jpg,sea
data/raw\sea\5189.jpg,sea
data/raw\sea\5194.jpg,sea
data/raw\sea\5196.jpg,sea
data/raw\sea\5203.jpg,sea
data/raw\sea\5214.jpg,sea
data/raw\sea\5215.jpg,sea
data/raw\sea\5221.jpg,sea
data/raw\sea\5223.jpg,sea
data/raw\sea\5231.jpg,sea
data/raw\sea\5233.jpg,sea
data/raw\sea\5235.jpg,sea
data/raw\sea\5241.jpg,sea
data/raw\sea\5242.jpg,sea
data/raw\sea\5243.jpg,sea
data/raw\sea\5256.jpg,sea
data/raw\sea\5261.jpg,sea
data/raw\sea\5270.jpg,sea
data/raw\sea\5271.jpg,sea
data/raw\sea\5283.jpg,sea
data/raw\sea\5307.jpg,sea
data/raw\sea\5308.jpg,sea
data/raw\sea\5310.jpg,sea
data/raw\sea\5318.jpg,sea
data/raw\sea\5338.jpg,sea
data/raw\sea\5347.jpg,sea
data/raw\sea\535.jpg,sea
data/raw\sea\5353.jpg,sea
data/raw\sea\5362.jpg,sea
data/raw\sea\5368.jpg,sea
data/raw\sea\5381.jpg,sea
data/raw\sea\5385.jpg,sea
data/raw\sea\5387.jpg,sea
data/raw\sea\5390.jpg,sea
data/raw\sea\5397.jpg,sea
data/raw\sea\540.jpg,sea
data/raw\sea\5400.jpg,sea
data/raw\sea\5401.jpg,sea
data/raw\sea\5407.jpg,sea
data/raw\sea\5419.jpg,sea
data/raw\sea\5423.jpg,sea
data/raw\sea\5432.jpg,sea
data/raw\sea\5441.jpg,sea
data/raw\sea\5446.jpg,sea
data/raw\sea\5449.jpg,sea
data/raw\sea\5454.jpg,sea
data/raw\sea\5464.jpg,sea
data/raw\sea\5482.jpg,sea
data/raw\sea\5484.jpg,sea
data/raw\sea\5488.jpg,sea
data/raw\sea\5490.jpg,sea
data/raw\sea\5498.jpg,sea
data/raw\sea\5501.jpg,sea
data/raw\sea\5506.jpg,sea
data/raw\sea\5516.jpg,sea
data/raw\sea\552.jpg,sea
data/raw\sea\5523.jpg,sea
data/raw\sea\5551.jpg,sea
data/raw\sea\5570.jpg,sea
data/raw\sea\5584.jpg,sea
data/raw\sea\5592.jpg,sea
data/raw\sea\5597.jpg,sea
data/raw\sea\5600.jpg,sea
data/raw\sea\5603.jpg,sea
data/raw\sea\5625.jpg,sea
data/raw\sea\5632.jpg,sea
data/raw\sea\5649.jpg,sea
data/raw\sea\5653.jpg,sea
data/raw\sea\5654.jpg,sea
data/raw\sea\5662.jpg,sea
data/raw\sea\5663.jpg,sea
data/raw\sea\5669.jpg,sea
data/raw\sea\5678.jpg,sea
data/raw\sea\5679.jpg,sea
data/raw\sea\5686.jpg,sea
data/raw\sea\569.jpg,sea
data/raw\sea\5691.jpg,sea
data/raw\sea\5703.jpg,sea
data/raw\sea\5709.jpg,sea
data/raw\sea\5710.jpg,sea
data/raw\sea\5714.jpg,sea
data/raw\sea\5716.jpg,sea
data/raw\sea\5727.jpg,sea
data/raw\sea\5731.jpg,sea
data/raw\sea\5738.jpg,sea
data/raw\sea\5747.jpg,sea
data/raw\sea\5748.jpg,sea
data/raw\sea\5750.jpg,sea
data/raw\sea\5772.jpg,sea
data/raw\sea\5777.jpg,sea
data/raw\sea\580.jpg,sea
data/raw\sea\5801.jpg,sea
data/raw\sea\5810.jpg,sea
data/raw\sea\5819.jpg,sea
data/raw\sea\582.jpg,sea
data/raw\sea\5822.jpg,sea
data/raw\sea\5829.jpg,sea
data/raw\sea\585.jpg,sea
data/raw\sea\5858.jpg,sea
data/raw\sea\5865.jpg,sea
data/raw\sea\5874.jpg,sea
data/raw\sea\5884.jpg,sea
data/raw\sea\59.jpg,sea
data/raw\sea\5900.jpg,sea
data/raw\sea\5902.jpg,sea
data/raw\sea\5916.jpg,sea
data/raw\sea\5931.jpg,sea
data/raw\sea\5938.jpg,sea
data/raw\sea\5946.jpg,sea
data/raw\sea\5976.jpg,sea
data/raw\sea\5977.jpg,sea
data/raw\sea\599.jpg,sea
data/raw\sea\5990.jpg,sea
data/raw\sea\5997.jpg,sea
data/raw\sea\6015.jpg,sea
data/raw\sea\603.jpg,sea
data/raw\sea\604.jpg,sea
data/raw\sea\6050.jpg,sea
data/raw\sea\6052.jpg,sea
data/raw\sea\6053.jpg,sea
data/raw\sea\606.jpg,sea
data/raw\sea\6060.jpg,sea
data/raw\sea\6092.jpg,sea
data/raw\sea\6111.jpg,sea
data/raw\sea\6124.jpg,sea
data/raw\sea\6125.jpg,sea
data/raw\sea\613.jpg,sea
data/raw\sea\6138.jpg,sea
data/raw\sea\6139.jpg,sea
data/raw\sea\6142.jpg,sea
data/raw\sea\6150.jpg,sea
data/raw\sea\6166.jpg,sea
data/raw\sea\6171.jpg,sea
data/raw\sea\6197.jpg,sea
data/raw\sea\62.jpg,sea
data/raw\sea\6208.jpg,sea
data/raw\sea\6219.jpg,sea
data/raw\sea\6221.jpg,sea
data/raw\sea\6224.jpg,sea
data/raw\sea\6226.jpg,sea
data/raw\sea\623.jpg,sea
data/raw\sea\6236.jpg,sea
data/raw\sea\6237.jpg,sea
data/raw\sea\6242.jpg,sea
data/raw\sea\625.jpg,sea
data/raw\sea\6260.jpg,sea
data/raw\sea\6261.jpg,sea
data/raw\sea\6269.jpg,sea
data/raw\sea\6270.jpg,sea
data/raw\sea\6274.jpg,sea
data/raw\sea\6286.jpg,sea
data/raw\sea\6301.jpg,sea
data/raw\sea\6302.jpg,sea
data/raw\sea\631.jpg,sea
data/raw\sea\6312.jpg,sea
data/raw\sea\6319.jpg,sea
data/raw\sea\6336.jpg,sea
data/raw\sea\6337.jpg,sea
data/raw\sea\6338.jpg,sea
data/raw\sea\6354.jpg,sea
data/raw\sea\6359.jpg,sea
data/raw\sea\6368.jpg,sea
data/raw\sea\6369.jpg,sea
data/raw\sea\6373.jpg,sea
data/raw\sea\6381.jpg,sea
data/raw\sea\6384.jpg,sea
data/raw\sea\6387.jpg,sea
data/raw\sea\6388.jpg,sea
data/raw\sea\640.jpg,sea
data/raw\sea\6400.jpg,sea
data/raw\sea\641.jpg,sea
data/raw\sea\6413.jpg,sea
data/raw\sea\6432.jpg,sea
data/raw\sea\6466.jpg,sea
data/raw\sea\6477.jpg,sea
data/raw\sea\6481.jpg,sea
data/raw\sea\65.jpg,sea
data/raw\sea\6502.jpg,sea
data/raw\sea\6506.jpg,sea
data/raw\sea\6519.jpg,sea
data/raw\sea\652.jpg,sea
data/raw\sea\6538.jpg,sea
data/raw\sea\6541.jpg,sea
data/raw\sea\6550.jpg,sea
data/raw\sea\6561.jpg,sea
data/raw\sea\6563.jpg,sea
data/raw\sea\6565.jpg,sea
data/raw\sea\6567.jpg,sea
data/raw\sea\6576.jpg,sea
data/raw\sea\6591.jpg,sea
data/raw\sea\6597.jpg,sea
data/raw\sea\6598.jpg,sea
data/raw\sea\6599.jpg,sea
data/raw\sea\6610.jpg,sea
data/raw\sea\6620.jpg,sea
data/raw\sea\6623.jpg,sea
data/raw\sea\6624.jpg,sea
data/raw\sea\6634.jpg,sea
data/raw\sea\6640.jpg,sea
data/raw\sea\6642.jpg,sea
data/raw\sea\666.jpg,sea
data/raw\sea\6683.jpg,sea
data/raw\sea\6691.jpg,sea
data/raw\sea\670.jpg,sea
data/raw\sea\6708.jpg,sea
data/raw\sea\6713.jpg,sea
data/raw\sea\6722.jpg,sea
data/raw\sea\6729.jpg,sea
data/raw\sea\673.jpg,sea
data/raw\sea\6736.jpg,sea
data/raw\sea\6741.jpg,sea
data/raw\sea\6742.jpg,sea
data/raw\sea\6744.jpg,sea
data/raw\sea\6745.jpg,sea
data/raw\sea\6750.jpg,sea
data/raw\sea\6756.jpg,sea
data/raw\sea\6758.jpg,sea
data/raw\sea\6761.jpg,sea
data/raw\sea\6762.jpg,sea
data/raw\sea\6768.jpg,sea
data/raw\sea\6776.jpg,sea
data/raw\sea\6778.jpg,sea
data/raw\sea\6787.jpg,sea
data/raw\sea\6791.jpg,sea
data/raw\sea\6793.jpg,sea
data/raw\sea\680.jpg,sea
data/raw\sea\681.jpg,sea
data/raw\sea\6830.jpg,sea
data/raw\sea\6831.jpg,sea
data/raw\sea\6834.jpg,sea
data/raw\sea\6837.jpg,sea
data/raw\sea\6839.jpg,sea
data/raw\sea\6843.jpg,sea
data/raw\sea\6844.jpg,sea
data/raw\sea\6845.jpg,sea
data/raw\sea\6853.jpg,sea
data/raw\sea\6856.jpg,sea
data/raw\sea\6858.jpg,sea
data/raw\sea\6859.jpg,sea
data/raw\sea\6864.jpg,sea
data/raw\sea\6867.jpg,sea
data/raw\sea\687.jpg,sea
data/raw\sea\6874.jpg,sea
data/raw\sea\6911.jpg,sea
data/raw\sea\6912.jpg,sea
data/raw\sea\6913.jpg,sea
data/raw\sea\6918.jpg,sea
data/raw\sea\6942.jpg,sea
data/raw\sea\6947.jpg,sea
data/raw\sea\6953.jpg,sea
data/raw\sea\6955.jpg,sea
data/raw\sea\6960.jpg,sea
data/raw\sea\6962.jpg,sea
data/raw\sea\6979.jpg,sea
data/raw\sea\6993.jpg,sea
data/raw\sea\6997.jpg,sea
data/raw\sea\7.jpg,sea
data/raw\sea\7000.jpg,sea
data/raw\sea\7004.jpg,sea
data/raw\sea\7014.jpg,sea
data/raw\sea\7019.jpg,sea
data/raw\sea\7027.jpg,sea
data/raw\sea\7033.jpg,sea
data/raw\sea\704.jpg,sea
data/raw\sea\7040.jpg,sea
data/raw\sea\7051.jpg,sea
data/raw\sea\7052.jpg,sea
data/raw\sea\7057.jpg,sea
data/raw\sea\7058.jpg,sea
data/raw\sea\706.jpg,sea
data/raw\sea\7072.jpg,sea
data/raw\sea\7078.jpg,sea
data/raw\sea\7081.jpg,sea
data/raw\sea\7095.jpg,sea
data/raw\sea\7111.jpg,sea
data/raw\sea\7134.jpg,sea
data/raw\sea\7136.jpg,sea
data/raw\sea\7146.jpg,sea
data/raw\sea\7150.jpg,sea
data/raw\sea\716.jpg,sea
data/raw\sea\7173.jpg,sea
data/raw\sea\7176.jpg,sea
data/raw\sea\7189.jpg,sea
data/raw\sea\719.jpg,sea
data/raw\sea\7196.jpg,sea
data/raw\sea\7212.jpg,sea
data/raw\sea\7215.jpg,sea
data/raw\sea\7225.jpg,sea
data/raw\sea\7232.jpg,sea
data/raw\sea\7233.jpg,sea
data/raw\sea\7234.jpg,sea
data/raw\sea\7240.jpg,sea
data/raw\sea\7245.jpg,sea
data/raw\sea\7246.jpg,sea
data/raw\sea\7259.jpg,sea
data/raw\sea\7281.jpg,sea
data/raw\sea\7286.jpg,sea
data/raw\sea\7297.jpg,sea
data/raw\sea\7302.jpg,sea
data/raw\sea\7307.jpg,sea
data/raw\sea\7313.jpg,sea
data/raw\sea\7318.jpg,sea
data/raw\sea\7323.jpg,sea
data/raw\sea\7365.jpg,sea
data/raw\sea\7369.jpg,sea
data/raw\sea\7396.jpg,sea
data/raw\sea\7420.jpg,sea
data/raw\sea\7424.jpg,sea
data/raw\sea\7429.jpg,sea
data/raw\sea\7437.jpg,sea
data/raw\sea\744.jpg,sea
data/raw\sea\7441.jpg,sea
data/raw\sea\7447.jpg,sea
data/raw\sea\7450.jpg,sea
data/raw\sea\7452.jpg,sea
data/raw\sea\7461.jpg,sea
data/raw\sea\7462.jpg,sea
data/raw\sea\7485.jpg,sea
data/raw\sea\7495.jpg,sea
data/raw\sea\7505.jpg,sea
data/raw\sea\7525.jpg,sea
data/raw\sea\7582.jpg,sea
data/raw\sea\759.jpg,sea
data/raw\sea\7594.jpg,sea
data/raw\sea\7609.jpg,sea
data/raw\sea\762.jpg,sea
data/raw\sea\7628.jpg,sea
data/raw\sea\763.jpg,sea
data/raw\sea\7639.jpg,sea
data/raw\sea\764.jpg,sea
data/raw\sea\7646.jpg,sea
data/raw\sea\7655.jpg,sea
data/raw\sea\7659.jpg,sea
data/raw\sea\7664.jpg,sea
data/raw\sea\7669.jpg,sea
data/raw\sea\7699.jpg,sea
data/raw\sea\7706.jpg,sea
data/raw\sea\7711.jpg,sea
data/raw\sea\7712.jpg,sea
data/raw\sea\7713.jpg,sea
data/raw\sea\7725.jpg,sea
data/raw\sea\7727.jpg,sea
data/raw\sea\7728.jpg,sea
data/raw\sea\773.jpg,sea
data/raw\sea\7734.jpg,sea
data/raw\sea\7735.jpg,sea
data/raw\sea\7764.jpg,sea
data/raw\sea\7767.jpg,sea
data/raw\sea\7775.jpg,sea
data/raw\sea\7777.jpg,sea
data/raw\sea\7785.jpg,sea
data/raw\sea\7791.jpg,sea
data/raw\sea\78.jpg,sea
data/raw\sea\7801.jpg,sea
data/raw\sea\7806.jpg,sea
data/raw\sea\781.jpg,sea
data/raw\sea\7825.jpg,sea
data/raw\sea\7848.jpg,sea
data/raw\sea\786.jpg,sea
data/raw\sea\7868.jpg,sea
data/raw\sea\7872.jpg,sea
data/raw\sea\7879.jpg,sea
data/raw\sea\7882.jpg,sea
data/raw\sea\7900.jpg,sea
data/raw\sea\7901.jpg,sea
data/raw\sea\7927.jpg,sea
data/raw\sea\7931.jpg,sea
data/raw\sea\7935.jpg,sea
data/raw\sea\7948.jpg,sea
data/raw\sea\795.jpg,sea
data/raw\sea\7950.jpg,sea
data/raw\sea\7952.jpg,sea
data/raw\sea\796.jpg,sea
data/raw\sea\7961.jpg,sea
data/raw\sea\7971.jpg,sea
data/raw\sea\7990.jpg,sea
data/raw\sea\7992.jpg,sea
data/raw\sea\8006.jpg,sea
data/raw\sea\8014.jpg,sea
data/raw\sea\8022.jpg,sea
data/raw\sea\8028.jpg,sea
data/raw\sea\804.jpg,sea
data/raw\sea\8053.jpg,sea
data/raw\sea\8062.jpg,sea
data/raw\sea\8073.jpg,sea
data/raw\sea\8090.jpg,sea
data/raw\sea\8153.jpg,sea
data/raw\sea\8156.jpg,sea
data/raw\sea\8185.jpg,sea
data/raw\sea\8189.jpg,sea
data/raw\sea\8201.jpg,sea
data/raw\sea\8203.jpg,sea
data/raw\sea\8209.jpg,sea
data/raw\sea\8214.jpg,sea
data/raw\sea\8217.jpg,sea
data/raw\sea\8230.jpg,sea
data/raw\sea\8232.jpg,sea
data/raw\sea\8233.jpg,sea
data/raw\sea\8239.jpg,sea
data/raw\sea\8244.jpg,sea
data/raw\sea\8248.jpg,sea
data/raw\sea\8278.jpg,sea
data/raw\sea\8299.jpg,sea
data/raw\sea\8306.jpg,sea
data/raw\sea\8322.jpg,sea
data/raw\sea\834.jpg,sea
data/raw\sea\8340.jpg,sea
data/raw\sea\8344.jpg,sea
data/raw\sea\8348.jpg,sea
data/raw\sea\8375.jpg,sea
data/raw\sea\8392.jpg,sea
data/raw\sea\8402.jpg,sea
data/raw\sea\8422.jpg,sea
data/raw\sea\8425.jpg,sea
data/raw\sea\8453.jpg,sea
data/raw\sea\8457.jpg,sea
data/raw\sea\846.jpg,sea
data/raw\sea\8469.jpg,sea
data/raw\sea\8473.jpg,sea
data/raw\sea\8477.jpg,sea
data/raw\sea\8499.jpg,sea
data/raw\sea\8502.jpg,sea
data/raw\sea\8509.jpg,sea
data/raw\sea\851.jpg,sea
data/raw\sea\8514.jpg,sea
data/raw\sea\8515.jpg,sea
data/raw\sea\8517.jpg,sea
data/raw\sea\8529.jpg,sea
data/raw\sea\8541.jpg,sea
data/raw\sea\8569.jpg,sea
data/raw\sea\8575.jpg,sea
data/raw\sea\8584.jpg,sea
data/raw\sea\8603.jpg,sea
data/raw\sea\8605.jpg,sea
data/raw\sea\8613.jpg,sea
data/raw\sea\8616.jpg,sea
data/raw\sea\8643.jpg,sea
data/raw\sea\8648.jpg,sea
data/raw\sea\8663.jpg,sea
data/raw\sea\8668.jpg,sea
data/raw\sea\8669.jpg,sea
data/raw\sea\867.jpg,sea
data/raw\sea\8673.jpg,sea
data/raw\sea\868.jpg,sea
data/raw\sea\8687.jpg,sea
data/raw\sea\87.jpg,sea
data/raw\sea\879.jpg,sea
data/raw\sea\882.jpg,sea
data/raw\sea\89.jpg,sea
data/raw\sea\894.jpg,sea
data/raw\sea\90.jpg,sea
data/raw\sea\901.jpg,sea
data/raw\sea\907.jpg,sea
data/raw\sea\912.jpg,sea
data/raw\sea\916.jpg,sea
data/raw\sea\922.jpg,sea
data/raw\sea\934.jpg,sea
data/raw\sea\942.jpg,sea
data/raw\sea\953.jpg,sea
data/raw\sea\962.jpg,sea
data/raw\sea\97.jpg,sea
data/raw\sea\977.jpg,sea
data/raw\sea\979.jpg,sea
data/raw\sea\984.jpg,sea
data/raw\sea\986.jpg,sea
data/raw\street\10015.jpg,street
data/raw\street\10019.jpg,street
data/raw\street\10022.jpg,street
data/raw\street\10036.jpg,street
data/raw\street\10039.jpg,street
data/raw\street\10042.jpg,street
data/raw\street\10062.jpg,street
data/raw\street\10063.jpg,street
data/raw\street\10065.jpg,street
data/raw\street\10070.jpg,street
data/raw\street\10072.jpg,street
data/raw\street\10076.jpg,street
data/raw\street\10084.jpg,street
data/raw\street\10085.jpg,street
data/raw\street\10091.jpg,street
data/raw\street\10097.jpg,street
data/raw\street\10099.jpg,street
data/raw\street\10111.jpg,street
data/raw\street\10112.jpg,street
data/raw\street\10118.jpg,street
data/raw\street\10125.jpg,street
data/raw\street\10131.jpg,street
data/raw\street\10188.jpg,street
data/raw\street\10189.jpg,street
data/raw\street\10195.jpg,street
data/raw\street\10202.jpg,street
data/raw\street\10213.jpg,street
data/raw\street\10215.jpg,street
data/raw\street\10216.jpg,street
data/raw\street\10222.jpg,street
data/raw\street\10224.jpg,street
data/raw\street\10227.jpg,street
data/raw\street\10230.jpg,street
data/raw\street\10236.jpg,street
data/raw\street\10238.jpg,street
data/raw\street\10254.jpg,street
data/raw\street\10255.jpg,street
data/raw\street\10260.jpg,street
data/raw\street\10279.jpg,street
data/raw\street\10296.jpg,street
data/raw\street\10297.jpg,street
data/raw\street\10313.jpg,street
data/raw\street\10315.jpg,street
data/raw\street\10317.jpg,street
data/raw\street\10322.jpg,street
data/raw\street\10331.jpg,street
data/raw\street\10335.jpg,street
data/raw\street\10338.jpg,street
data/raw\street\10348.jpg,street
data/raw\street\10349.jpg,street
data/raw\street\10354.jpg,street
data/raw\street\10358.jpg,street
data/raw\street\10364.jpg,street
data/raw\street\10369.jpg,street
data/raw\street\10392.jpg,street
data/raw\street\10408.jpg,street
data/raw\street\10430.jpg,street
data/raw\street\10431.jpg,street
data/raw\street\10448.jpg,street
data/raw\street\10459.jpg,street
data/raw\street\10463.jpg,street
data/raw\street\10470.jpg,street
data/raw\street\10472.jpg,street
data/raw\street\10490.jpg,street
data/raw\street\10503.jpg,street
data/raw\street\10504.jpg,street
data/raw\street\10514.jpg,street
data/raw\street\10516.jpg,street
data/raw\street\10524.jpg,street
data/raw\street\10526.jpg,street
data/raw\street\10540.jpg,street
data/raw\street\10547.jpg,street
data/raw\street\10548.jpg,street
data/raw\street\10569.jpg,street
data/raw\street\10573.jpg,street
data/raw\street\10580.jpg,street
data/raw\street\10588.jpg,street
data/raw\street\10600.jpg,street
data/raw\street\10610.jpg,street
data/raw\street\10613.jpg,street
data/raw\street\10617.jpg,street
data/raw\street\10618.jpg,street
data/raw\street\10627.jpg,street
data/raw\street\10632.jpg,street
data/raw\street\10633.jpg,street
data/raw\street\10643.jpg,street
data/raw\street\10648.jpg,street
data/raw\street\10661.jpg,street
data/raw\street\10662.jpg,street
data/raw\street\10665.jpg,street
data/raw\street\10681.jpg,street
data/raw\street\10687.jpg,street
data/raw\street\10691.jpg,street
data/raw\street\10697.jpg,street
data/raw\street\10724.jpg,street
data/raw\street\14171.jpg,street
data/raw\street\14180.jpg,street
data/raw\street\14209.jpg,street
data/raw\street\14219.jpg,street
data/raw\street\14227.jpg,street
data/raw\street\14238.jpg,street
data/raw\street\14250.jpg,street
data/raw\street\14252.jpg,street
data/raw\street\14260.jpg,street
data/raw\street\14266.jpg,street
data/raw\street\14268.jpg,street
data/raw\street\14274.jpg,street
data/raw\street\14275.jpg,street
data/raw\street\14278.jpg,street
data/raw\street\14280.jpg,street
data/raw\street\14287.jpg,street
data/raw\street\14296.jpg,street
data/raw\street\14304.jpg,street
data/raw\street\14305.jpg,street
data/raw\street\14312.jpg,street
data/raw\street\14322.jpg,street
data/raw\street\14332.jpg,street
data/raw\street\14342.jpg,street
data/raw\street\14355.jpg,street
data/raw\street\14368.jpg,street
data/raw\street\14375.jpg,street
data/raw\street\14377.jpg,street
data/raw\street\14388.jpg,street
data/raw\street\14392.jpg,street
data/raw\street\14399.jpg,street
data/raw\street\14408.jpg,street
data/raw\street\14418.jpg,street
data/raw\street\14420.jpg,street
data/raw\street\14440.jpg,street
data/raw\street\14442.jpg,street
data/raw\street\14465.jpg,street
data/raw\street\14479.jpg,street
data/raw\street\14482.jpg,street
data/raw\street\14486.jpg,street
data/raw\street\14491.jpg,street
data/raw\street\14512.jpg,street
data/raw\street\14533.jpg,street
data/raw\street\14537.jpg,street
data/raw\street\14546.jpg,street
data/raw\street\14550.jpg,street
data/raw\street\14551.jpg,street
data/raw\street\14555.jpg,street
data/raw\street\14559.jpg,street
data/raw\street\14567.jpg,street
data/raw\street\14572.jpg,street
data/raw\street\14585.jpg,street
data/raw\street\14586.jpg,street
data/raw\street\14590.jpg,street
data/raw\street\14591.jpg,street
data/raw\street\14598.jpg,street
data/raw\street\14607.jpg,street
data/raw\street\14608.jpg,street
data/raw\street\14612.jpg,street
data/raw\street\14619.jpg,street
data/raw\street\14627.jpg,street
data/raw\street\14628.jpg,street
data/raw\street\14633.jpg,street
data/raw\street\14638.jpg,street
data/raw\street\14640.jpg,street
data/raw\street\14643.jpg,street
data/raw\street\14652.jpg,street
data/raw\street\14658.jpg,street
data/raw\street\14659.jpg,street
data/raw\street\14667.jpg,street
data/raw\street\14668.jpg,street
data/raw\street\14671.jpg,street
data/raw\street\14676.jpg,street
data/raw\street\14683.jpg,street
data/raw\street\14687.jpg,street
data/raw\street\14692.jpg,street
data/raw\street\14693.jpg,street
data/raw\street\14720.jpg,street
data/raw\street\14745.jpg,street
data/raw\street\14746.jpg,street
data/raw\street\14751.jpg,street
data/raw\street\14752.jpg,street
data/raw\street\14761.jpg,street
data/raw\street\14789.jpg,street
data/raw\street\14798.jpg,street
data/raw\street\14805.jpg,street
data/raw\street\14810.jpg,street
data/raw\street\14812.jpg,street
data/raw\street\14818.jpg,street
data/raw\street\14839.jpg,street
data/raw\street\14846.jpg,street
data/raw\street\14848.jpg,street
data/raw\street\14864.jpg,street
data/raw\street\14869.jpg,street
data/raw\street\14871.jpg,street
data/raw\street\14874.jpg,street
data/raw\street\14875.jpg,street
data/raw\street\14880.jpg,street
data/raw\street\14905.jpg,street
data/raw\street\14909.jpg,street
data/raw\street\14910.jpg,street
data/raw\street\14911.jpg,street
data/raw\street\14915.jpg,street
data/raw\street\14932.jpg,street
data/raw\street\14961.jpg,street
data/raw\street\14962.jpg,street
data/raw\street\14967.jpg,street
data/raw\street\14974.jpg,street
data/raw\street\14994.jpg,street
data/raw\street\15015.jpg,street
data/raw\street\15019.jpg,street
data/raw\street\15047.jpg,street
data/raw\street\15050.jpg,street
data/raw\street\15062.jpg,street
data/raw\street\15072.jpg,street
data/raw\street\15088.jpg,street
data/raw\street\15090.jpg,street
data/raw\street\15092.jpg,street
data/raw\street\15115.jpg,street
data/raw\street\15132.jpg,street
data/raw\street\15138.jpg,street
data/raw\street\15142.jpg,street
data/raw\street\15150.jpg,street
data/raw\street\15154.jpg,street
data/raw\street\15169.jpg,street
data/raw\street\15174.jpg,street
data/raw\street\15182.jpg,street
data/raw\street\15183.jpg,street
data/raw\street\15194.jpg,street
data/raw\street\15198.jpg,street
data/raw\street\15203.jpg,street
data/raw\street\15251.jpg,street
data/raw\street\15265.jpg,street
data/raw\street\15279.jpg,street
data/raw\street\15295.jpg,street
data/raw\street\15298.jpg,street
data/raw\street\15300.jpg,street
data/raw\street\15308.jpg,street
data/raw\street\15311.jpg,street
data/raw\street\15327.jpg,street
data/raw\street\15332.jpg,street
data/raw\street\15339.jpg,street
data/raw\street\15347.jpg,street
data/raw\street\15359.jpg,street
data/raw\street\15362.jpg,street
data/raw\street\15363.jpg,street
data/raw\street\15369.jpg,street
data/raw\street\15373.jpg,street
data/raw\street\15379.jpg,street
data/raw\street\15385.jpg,street
data/raw\street\15419.jpg,street
data/raw\street\15432.jpg,street
data/raw\street\15465.jpg,street
data/raw\street\15469.jpg,street
data/raw\street\15478.jpg,street
data/raw\street\15484.jpg,street
data/raw\street\15494.jpg,street
data/raw\street\15496.jpg,street
data/raw\street\15499.jpg,street
data/raw\street\15509.jpg,street
data/raw\street\15512.jpg,street
data/raw\street\15526.jpg,street
data/raw\street\15530.jpg,street
data/raw\street\15533.jpg,street
data/raw\street\15534.jpg,street
data/raw\street\15535.jpg,street
data/raw\street\15540.jpg,street
data/raw\street\15547.jpg,street
data/raw\street\15553.jpg,street
data/raw\street\15561.jpg,street
data/raw\street\15567.jpg,street
data/raw\street\15574.jpg,street
data/raw\street\15584.jpg,street
data/raw\street\15592.jpg,street
data/raw\street\15599.jpg,street
data/raw\street\15607.jpg,street
data/raw\street\15611.jpg,street
data/raw\street\15614.jpg,street
data/raw\street\15616.jpg,street
data/raw\street\15625.jpg,street
data/raw\street\15633.jpg,street
data/raw\street\15640.jpg,street
data/raw\street\15644.jpg,street
data/raw\street\15650.jpg,street
data/raw\street\15664.jpg,street
data/raw\street\15677.jpg,street
data/raw\street\15680.jpg,street
data/raw\street\15725.jpg,street
data/raw\street\15732.jpg,street
data/raw\street\15739.jpg,street
data/raw\street\15752.jpg,street
data/raw\street\15754.jpg,street
data/raw\street\15756.jpg,street
data/raw\street\15767.jpg,street
data/raw\street\15773.jpg,street
data/raw\street\15793.jpg,street
data/raw\street\15797.jpg,street
data/raw\street\15799.jpg,street
data/raw\street\15800.jpg,street
data/raw\street\15802.jpg,street
data/raw\street\15803.jpg,street
data/raw\street\15807.jpg,street
data/raw\street\15811.jpg,street
data/raw\street\15833.jpg,street
data/raw\street\15837.jpg,street
data/raw\street\15842.jpg,street
data/raw\street\15852.jpg,street
data/raw\street\15856.jpg,street
data/raw\street\15857.jpg,street
data/raw\street\15862.jpg,street
data/raw\street\15869.jpg,street
data/raw\street\15873.jpg,street
data/raw\street\15883.jpg,street
data/raw\street\15898.jpg,street
data/raw\street\15911.jpg,street
data/raw\street\15926.jpg,street
data/raw\street\15930.jpg,street
data/raw\street\15939.jpg,street
data/raw\street\15942.jpg,street
data/raw\street\15943.jpg,street
data/raw\street\15953.jpg,street
data/raw\street\15961.jpg,street
data/raw\street\15995.jpg,street
data/raw\street\16004.jpg,street
data/raw\street\16017.jpg,street
data/raw\street\16019.jpg,street
data/raw\street\16022.jpg,street
data/raw\street\16036.jpg,street
data/raw\street\16054.jpg,street
data/raw\street\16055.jpg,street
data/raw\street\16072.jpg,street
data/raw\street\16073.jpg,street
data/raw\street\16076.jpg,street
data/raw\street\16077.jpg,street
data/raw\street\16118.jpg,street
data/raw\street\16134.jpg,street
data/raw\street\16139.jpg,street
data/raw\street\16143.jpg,street
data/raw\street\16156.jpg,street
data/raw\street\16157.jpg,street
data/raw\street\16175.jpg,street
data/raw\street\16189.jpg,street
data/raw\street\16191.jpg,street
data/raw\street\16192.jpg,street
data/raw\street\16195.jpg,street
data/raw\street\16198.jpg,street
data/raw\street\16200.jpg,street
data/raw\street\16201.jpg,street
data/raw\street\16209.jpg,street
data/raw\street\16218.jpg,street
data/raw\street\16240.jpg,street
data/raw\street\16250.jpg,street
data/raw\street\16253.jpg,street
data/raw\street\16258.jpg,street
data/raw\street\16261.jpg,street
data/raw\street\16282.jpg,street
data/raw\street\16287.jpg,street
data/raw\street\16320.jpg,street
data/raw\street\16333.jpg,street
data/raw\street\16336.jpg,street
data/raw\street\16340.jpg,street
data/raw\street\16352.jpg,street
data/raw\street\16367.jpg,street
data/raw\street\16369.jpg,street
data/raw\street\16370.jpg,street
data/raw\street\16387.jpg,street
data/raw\street\16391.jpg,street
data/raw\street\16392.jpg,street
data/raw\street\16399.jpg,street
data/raw\street\16404.jpg,street
data/raw\street\16419.jpg,street
data/raw\street\16433.jpg,street
data/raw\street\16437.jpg,street
data/raw\street\16440.jpg,street
data/raw\street\16481.jpg,street
data/raw\street\16482.jpg,street
data/raw\street\16489.jpg,street
data/raw\street\16494.jpg,street
data/raw\street\16496.jpg,street
data/raw\street\16504.jpg,street
data/raw\street\16516.jpg,street
data/raw\street\16520.jpg,street
data/raw\street\16521.jpg,street
data/raw\street\16523.jpg,street
data/raw\street\16525.jpg,street
data/raw\street\16556.jpg,street
data/raw\street\16557.jpg,street
data/raw\street\16561.jpg,street
data/raw\street\16571.jpg,street
data/raw\street\16572.jpg,street
data/raw\street\16580.jpg,street
data/raw\street\16589.jpg,street
data/raw\street\16596.jpg,street
data/raw\street\16631.jpg,street
data/raw\street\16633.jpg,street
data/raw\street\16652.jpg,street
data/raw\street\16657.jpg,street
data/raw\street\16665.jpg,street
data/raw\street\16682.jpg,street
data/raw\street\16691.jpg,street
data/raw\street\16693.jpg,street
data/raw\street\16695.jpg,street
data/raw\street\16708.jpg,street
data/raw\street\16720.jpg,street
data/raw\street\16726.jpg,street
data/raw\street\16727.jpg,street
data/raw\street\16740.jpg,street
data/raw\street\16762.jpg,street
data/raw\street\16769.jpg,street
data/raw\street\16776.jpg,street
data/raw\street\16783.jpg,street
data/raw\street\16799.jpg,street
data/raw\street\16804.jpg,street
data/raw\street\16806.jpg,street
data/raw\street\16811.jpg,street
data/raw\street\16821.jpg,street
data/raw\street\16832.jpg,street
data/raw\street\16843.jpg,street
data/raw\street\16848.jpg,street
data/raw\street\16855.jpg,street
data/raw\street\16862.jpg,street
data/raw\street\16870.jpg,street
data/raw\street\16874.jpg,street
data/raw\street\16875.jpg,street
data/raw\street\16880.jpg,street
data/raw\street\16897.jpg,street
data/raw\street\16903.jpg,street
data/raw\street\16905.jpg,street
data/raw\street\16906.jpg,street
data/raw\street\16910.jpg,street
data/raw\street\16914.jpg,street
data/raw\street\16919.jpg,street
data/raw\street\16923.jpg,street
data/raw\street\16930.jpg,street
data/raw\street\16935.jpg,street
data/raw\street\16936.jpg,street
data/raw\street\16954.jpg,street
data/raw\street\16959.jpg,street
data/raw\street\16963.jpg,street
data/raw\street\16973.jpg,street
data/raw\street\17009.jpg,street
data/raw\street\17014.jpg,street
data/raw\street\17025.jpg,street
data/raw\street\17030.jpg,street
data/raw\street\17036.jpg,street
data/raw\street\17047.jpg,street
data/raw\street\17070.jpg,street
data/raw\street\17076.jpg,street
data/raw\street\17078.jpg,street
data/raw\street\17089.jpg,street
data/raw\street\17093.jpg,street
data/raw\street\17095.jpg,street
data/raw\street\17106.jpg,street
data/raw\street\17117.jpg,street
data/raw\street\17119.jpg,street
data/raw\street\17123.jpg,street
data/raw\street\17135.jpg,street
data/raw\street\17137.jpg,street
data/raw\street\17138.jpg,street
data/raw\street\17139.jpg,street
data/raw\street\17142.jpg,street
data/raw\street\17164.jpg,street
data/raw\street\17166.jpg,street
data/raw\street\17169.jpg,street
data/raw\street\17189.jpg,street
data/raw\street\17229.jpg,street
data/raw\street\17237.jpg,street
data/raw\street\17249.jpg,street
data/raw\street\17258.jpg,street
data/raw\street\17259.jpg,street
data/raw\street\17268.jpg,street
data/raw\street\17274.jpg,street
data/raw\street\17278.jpg,street
data/raw\street\17285.jpg,street
data/raw\street\17299.jpg,street
data/raw\street\17305.jpg,street
data/raw\street\5426.jpg,street
data/raw\street\5428.jpg,street
data/raw\street\5434.jpg,street
data/raw\street\5437.jpg,street
data/raw\street\5447.jpg,street
data/raw\street\5448.jpg,street
data/raw\street\5453.jpg,street
data/raw\street\5461.jpg,street
data/raw\street\5470.jpg,street
data/raw\street\5479.jpg,street
data/raw\street\5496.jpg,street
data/raw\street\5500.jpg,street
data/raw\street\5508.jpg,street
data/raw\street\5512.jpg,street
data/raw\street\5519.jpg,street
data/raw\street\5522.jpg,street
data/raw\street\5559.jpg,street
data/raw\street\5565.jpg,street
data/raw\street\5572.jpg,street
data/raw\street\5588.jpg,street
data/raw\street\5593.jpg,street
data/raw\street\5613.jpg,street
data/raw\street\5618.jpg,street
data/raw\street\5622.jpg,street
data/raw\street\5624.jpg,street
data/raw\street\5629.jpg,street
data/raw\street\5631.jpg,street
data/raw\street\5635.jpg,street
data/raw\street\5637.jpg,street
data/raw\street\5642.jpg,street
data/raw\street\5660.jpg,street
data/raw\street\5664.jpg,street
data/raw\street\5670.jpg,street
data/raw\street\5672.jpg,street
data/raw\street\5677.jpg,street
data/raw\street\5684.jpg,street
data/raw\street\5694.jpg,street
data/raw\street\5705.jpg,street
data/raw\street\5713.jpg,street
data/raw\street\5717.jpg,street
data/raw\street\5721.jpg,street
data/raw\street\5724.jpg,street
data/raw\street\5728.jpg,street
data/raw\street\5757.jpg,street
data/raw\street\5758.jpg,street
data/raw\street\5760.jpg,street
data/raw\street\5768.jpg,street
data/raw\street\5778.jpg,street
data/raw\street\5780.jpg,street
data/raw\street\5789.jpg,street
data/raw\street\5794.jpg,street
data/raw\street\5797.jpg,street
data/raw\street\5809.jpg,street
data/raw\street\5815.jpg,street
data/raw\street\5833.jpg,street
data/raw\street\5837.jpg,street
data/raw\street\5842.jpg,street
data/raw\street\5846.jpg,street
data/raw\street\5853.jpg,street
data/raw\street\5891.jpg,street
data/raw\street\5892.jpg,street
data/raw\street\5893.jpg,street
data/raw\street\5897.jpg,street
data/raw\street\5908.jpg,street
data/raw\street\5910.jpg,street
data/raw\street\5911.jpg,street
data/raw\street\5930.jpg,street
data/raw\street\5948.jpg,street
data/raw\street\5949.jpg,street
data/raw\street\5968.jpg,street
data/raw\street\5970.jpg,street
data/raw\street\5974.jpg,street
data/raw\street\5983.jpg,street
data/raw\street\5989.jpg,street
data/raw\street\6009.jpg,street
data/raw\street\6011.jpg,street
data/raw\street\6019.jpg,street
data/raw\street\6020.jpg,street
data/raw\street\6038.jpg,street
data/raw\street\6064.jpg,street
data/raw\street\6072.jpg,street
data/raw\street\6078.jpg,street
data/raw\street\6084.jpg,street
data/raw\street\6091.jpg,street
data/raw\street\6095.jpg,street
data/raw\street\6097.jpg,street
data/raw\street\6102.jpg,street
data/raw\street\6103.jpg,street
data/raw\street\6130.jpg,street
data/raw\street\6132.jpg,street
data/raw\street\6136.jpg,street
data/raw\street\6144.jpg,street
data/raw\street\6149.jpg,street
data/raw\street\6152.jpg,street
data/raw\street\6155.jpg,street
data/raw\street\6158.jpg,street
data/raw\street\6160.jpg,street
data/raw\street\6174.jpg,street
data/raw\street\6180.jpg,street
data/raw\street\6182.jpg,street
data/raw\street\6199.jpg,street
data/raw\street\6203.jpg,street
data/raw\street\6204.jpg,street
data/raw\street\6216.jpg,street
data/raw\street\6240.jpg,street
data/raw\street\6241.jpg,street
data/raw\street\6264.jpg,street
data/raw\street\6277.jpg,street
data/raw\street\6284.jpg,street
data/raw\street\6289.jpg,street
data/raw\street\6299.jpg,street
data/raw\street\6309.jpg,street
data/raw\street\6342.jpg,street
data/raw\street\6344.jpg,street
data/raw\street\6347.jpg,street
data/raw\street\6352.jpg,street
data/raw\street\6356.jpg,street
data/raw\street\6364.jpg,street
data/raw\street\6370.jpg,street
data/raw\street\6372.jpg,street
data/raw\street\6392.jpg,street
data/raw\street\6393.jpg,street
data/raw\street\6396.jpg,street
data/raw\street\6404.jpg,street
data/raw\street\6405.jpg,street
data/raw\street\6408.jpg,street
data/raw\street\6412.jpg,street
data/raw\street\6425.jpg,street
data/raw\street\6426.jpg,street
data/raw\street\6434.jpg,street
data/raw\street\6454.jpg,street
data/raw\street\6469.jpg,street
data/raw\street\6474.jpg,street
data/raw\street\6486.jpg,street
data/raw\street\6501.jpg,street
data/raw\street\6508.jpg,street
data/raw\street\6515.jpg,street
data/raw\street\6558.jpg,street
data/raw\street\6562.jpg,street
data/raw\street\6564.jpg,street
data/raw\street\6569.jpg,street
data/raw\street\6570.jpg,street
data/raw\street\6573.jpg,street
data/raw\street\6583.jpg,street
data/raw\street\6594.jpg,street
data/raw\street\6613.jpg,street
data/raw\street\6626.jpg,street
data/raw\street\6631.jpg,street
data/raw\street\6635.jpg,street
data/raw\street\6636.jpg,street
data/raw\street\6652.jpg,street
data/raw\street\6659.jpg,street
data/raw\street\6679.jpg,street
data/raw\street\6686.jpg,street
data/raw\street\6706.jpg,street
data/raw\street\6714.jpg,street
data/raw\street\6731.jpg,street
data/raw\street\6737.jpg,street
data/raw\street\6740.jpg,street
data/raw\street\6754.jpg,street
data/raw\street\6786.jpg,street
data/raw\street\6792.jpg,street
data/raw\street\6798.jpg,street
data/raw\street\6815.jpg,street
data/raw\street\6820.jpg,street
data/raw\street\6825.jpg,street
data/raw\street\6833.jpg,street
data/raw\street\6838.jpg,street
data/raw\street\6847.jpg,street
data/raw\street\6848.jpg,street
data/raw\street\6849.jpg,street
data/raw\street\6865.jpg,street
data/raw\street\6878.jpg,street
data/raw\street\6881.jpg,street
data/raw\street\6886.jpg,street
data/raw\street\6905.jpg,street
data/raw\street\6946.jpg,street
data/raw\street\6971.jpg,street
data/raw\street\6973.jpg,street
data/raw\street\6977.jpg,street
data/raw\street\6991.jpg,street
data/raw\street\6996.jpg,street
data/raw\street\7006.jpg,street
data/raw\street\7008.jpg,street
data/raw\street\7016.jpg,street
data/raw\street\7023.jpg,street
data/raw\street\7031.jpg,street
data/raw\street\7039.jpg,street
data/raw\street\7041.jpg,street
data/raw\street\7046.jpg,street
data/raw\street\7064.jpg,street
data/raw\street\7074.jpg,street
data/raw\street\7079.jpg,street
data/raw\street\7085.jpg,street
data/raw\street\7098.jpg,street
data/raw\street\7116.jpg,street
data/raw\street\7120.jpg,street
data/raw\street\7132.jpg,street
data/raw\street\7141.jpg,street
data/raw\street\7154.jpg,street
data/raw\street\7155.jpg,street
data/raw\street\7166.jpg,street
data/raw\street\7170.jpg,street
data/raw\street\7178.jpg,street
data/raw\street\7181.jpg,street
data/raw\street\7192.jpg,street
data/raw\street\7200.jpg,street
data/raw\street\7203.jpg,street
data/raw\street\7207.jpg,street
data/raw\street\7216.jpg,street
data/raw\street\7220.jpg,street
data/raw\street\7223.jpg,street
data/raw\street\7236.jpg,street
data/raw\street\7254.jpg,street
data/raw\street\7265.jpg,street
data/raw\street\7275.jpg,street
data/raw\street\7293.jpg,street
data/raw\street\7300.jpg,street
data/raw\street\7303.jpg,street
data/raw\street\7309.jpg,street
data/raw\street\7327.jpg,street
data/raw\street\7336.jpg,street
data/raw\street\7338.jpg,street
data/raw\street\7340.jpg,street
data/raw\street\7341.jpg,street
data/raw\street\7343.jpg,street
data/raw\street\7366.jpg,street
data/raw\street\7367.jpg,street
data/raw\street\7373.jpg,street
data/raw\street\7392.jpg,street
data/raw\street\7397.jpg,street
data/raw\street\7404.jpg,street
data/raw\street\7427.jpg,street
data/raw\street\7428.jpg,street
data/raw\street\7431.jpg,street
data/raw\street\7436.jpg,street
data/raw\street\7445.jpg,street
data/raw\street\7449.jpg,street
data/raw\street\7454.jpg,street
data/raw\street\7456.jpg,street
data/raw\street\7457.jpg,street
data/raw\street\7458.jpg,street
data/raw\street\7470.jpg,street
data/raw\street\7475.jpg,street
data/raw\street\7487.jpg,street
data/raw\street\7499.jpg,street
data/raw\street\7503.jpg,street
data/raw\street\7523.jpg,street
data/raw\street\7527.jpg,street
data/raw\street\7529.jpg,street
data/raw\street\7543.jpg,street
data/raw\street\7546.jpg,street
data/raw\street\7549.jpg,street
data/raw\street\7559.jpg,street
data/raw\street\7573.jpg,street
data/raw\street\7585.jpg,street
data/raw\street\7588.jpg,street
data/raw\street\7591.jpg,street
data/raw\street\7596.jpg,street
data/raw\street\7599.jpg,street
data/raw\street\7601.jpg,street
data/raw\street\7603.jpg,street
data/raw\street\7604.jpg,street
data/raw\street\7618.jpg,street
data/raw\street\7626.jpg,street
data/raw\street\7632.jpg,street
data/raw\street\7653.jpg,street
data/raw\street\7656.jpg,street
data/raw\street\7668.jpg,street
data/raw\street\7671.jpg,street
data/raw\street\7689.jpg,street
data/raw\street\7692.jpg,street
data/raw\street\7702.jpg,street
data/raw\street\7717.jpg,street
data/raw\street\7718.jpg,street
data/raw\street\7726.jpg,street
data/raw\street\7741.jpg,street
data/raw\street\7784.jpg,street
data/raw\street\7786.jpg,street
data/raw\street\7818.jpg,street
data/raw\street\7828.jpg,street
data/raw\street\7829.jpg,street
data/raw\street\7834.jpg,street
data/raw\street\7837.jpg,street
data/raw\street\7839.jpg,street
data/raw\street\7850.jpg,street
data/raw\street\7853.jpg,street
data/raw\street\7863.jpg,street
data/raw\street\7876.jpg,street
data/raw\street\7888.jpg,street
data/raw\street\7889.jpg,street
data/raw\street\7897.jpg,street
data/raw\street\7902.jpg,street
data/raw\street\7910.jpg,street
data/raw\street\7951.jpg,street
data/raw\street\7980.jpg,street
data/raw\street\8003.jpg,street
data/raw\street\8021.jpg,street
data/raw\street\8026.jpg,street
data/raw\street\8029.jpg,street
data/raw\street\8031.jpg,street
data/raw\street\8032.jpg,street
data/raw\street\8051.jpg,street
data/raw\street\8055.jpg,street
data/raw\street\8058.jpg,street
data/raw\street\8061.jpg,street
data/raw\street\8063.jpg,street
data/raw\street\8086.jpg,street
data/raw\street\8089.jpg,street
data/raw\street\8095.jpg,street
data/raw\street\8102.jpg,street
data/raw\street\8103.jpg,street
data/raw\street\8104.jpg,street
data/raw\street\8111.jpg,street
data/raw\street\8122.jpg,street
data/raw\street\8130.jpg,street
data/raw\street\8143.jpg,street
data/raw\street\8152.jpg,street
data/raw\street\8165.jpg,street
data/raw\street\8170.jpg,street
data/raw\street\8204.jpg,street
data/raw\street\8206.jpg,street
data/raw\street\8207.jpg,street
data/raw\street\8227.jpg,street
data/raw\street\8229.jpg,street
data/raw\street\8253.jpg,street
data/raw\street\8254.jpg,street
data/raw\street\8256.jpg,street
data/raw\street\8262.jpg,street
data/raw\street\8274.jpg,street
data/raw\street\8280.jpg,street
data/raw\street\8293.jpg,street
data/raw\street\8294.jpg,street
data/raw\street\8300.jpg,street
data/raw\street\8307.jpg,street
data/raw\street\8311.jpg,street
data/raw\street\8313.jpg,street
data/raw\street\8314.jpg,street
data/raw\street\8323.jpg,street
data/raw\street\8334.jpg,street
data/raw\street\8336.jpg,street
data/raw\street\8345.jpg,street
data/raw\street\8350.jpg,street
data/raw\street\8351.jpg,street
data/raw\street\8353.jpg,street
data/raw\street\8354.jpg,street
data/raw\street\8362.jpg,street
data/raw\street\8371.jpg,street
data/raw\street\8381.jpg,street
data/raw\street\8387.jpg,street
data/raw\street\8396.jpg,street
data/raw\street\8410.jpg,street
data/raw\street\8413.jpg,street
data/raw\street\8415.jpg,street
data/raw\street\8428.jpg,street
data/raw\street\8434.jpg,street
data/raw\street\8446.jpg,street
data/raw\street\8487.jpg,street
data/raw\street\8501.jpg,street
data/raw\street\8503.jpg,street
data/raw\street\8526.jpg,street
data/raw\street\8527.jpg,street
data/raw\street\8528.jpg,street
data/raw\street\8530.jpg,street
data/raw\street\8533.jpg,street
data/raw\street\8543.jpg,street
data/raw\street\8547.jpg,street
data/raw\street\8548.jpg,street
data/raw\street\8557.jpg,street
data/raw\street\8581.jpg,street
data/raw\street\8589.jpg,street
data/raw\street\8591.jpg,street
data/raw\street\8598.jpg,street
data/raw\street\8611.jpg,street
data/raw\street\8618.jpg,street
data/raw\street\8621.jpg,street
data/raw\street\8624.jpg,street
data/raw\street\8631.jpg,street
data/raw\street\8657.jpg,street
data/raw\street\8661.jpg,street
data/raw\street\8671.jpg,street
data/raw\street\8690.jpg,street
data/raw\street\8706.jpg,street
data/raw\street\8708.jpg,street
data/raw\street\8717.jpg,street
data/raw\street\8720.jpg,street
data/raw\street\8727.jpg,street
data/raw\street\8747.jpg,street
data/raw\street\8751.jpg,street
data/raw\street\8754.jpg,street
data/raw\street\8755.jpg,street
data/raw\street\8760.jpg,street
data/raw\street\8761.jpg,street
data/raw\street\8774.jpg,street
data/raw\street\8794.jpg,street
data/raw\street\8818.jpg,street
data/raw\street\8842.jpg,street
data/raw\street\8844.jpg,street
data/raw\street\8848.jpg,street
data/raw\street\8864.jpg,street
data/raw\street\8866.jpg,street
data/raw\street\8871.jpg,street
data/raw\street\8876.jpg,street
data/raw\street\8880.jpg,street
data/raw\street\8885.jpg,street
data/raw\street\8907.jpg,street
data/raw\street\8919.jpg,street
data/raw\street\8925.jpg,street
data/raw\street\8928.jpg,street
data/raw\street\8931.jpg,street
data/raw\street\8947.jpg,street
data/raw\street\8949.jpg,street
data/raw\street\8958.jpg,street
data/raw\street\8970.jpg,street
data/raw\street\8974.jpg,street
data/raw\street\8981.jpg,street
data/raw\street\8995.jpg,street
data/raw\street\8999.jpg,street
data/raw\street\9000.jpg,street
data/raw\street\9004.jpg,street
data/raw\street\9009.jpg,street
data/raw\street\9014.jpg,street
data/raw\street\9036.jpg,street
data/raw\street\9043.jpg,street
data/raw\street\9049.jpg,street
data/raw\street\9076.jpg,street
data/raw\street\9080.jpg,street
data/raw\street\9087.jpg,street
data/raw\street\9089.jpg,street
data/raw\street\9099.jpg,street
data/raw\street\9103.jpg,street
data/raw\street\9108.jpg,street
data/raw\street\9114.jpg,street
data/raw\street\9118.jpg,street
data/raw\street\9124.jpg,street
data/raw\street\9126.jpg,street
data/raw\street\9148.jpg,street
data/raw\street\9158.jpg,street
data/raw\street\9160.jpg,street
data/raw\street\9164.jpg,street
data/raw\street\9167.jpg,street
data/raw\street\9169.jpg,street
data/raw\street\9184.jpg,street
data/raw\street\9188.jpg,street
data/raw\street\9192.jpg,street
data/raw\street\9193.jpg,street
data/raw\street\9224.jpg,street
data/raw\street\9234.jpg,street
data/raw\street\9236.jpg,street
data/raw\street\9271.jpg,street
data/raw\street\9274.jpg,street
data/raw\street\9275.jpg,street
data/raw\street\9278.jpg,street
data/raw\street\9287.jpg,street
data/raw\street\9299.jpg,street
data/raw\street\9327.jpg,street
data/raw\street\9342.jpg,street
data/raw\street\9346.jpg,street
data/raw\street\9349.jpg,street
data/raw\street\9350.jpg,street
data/raw\street\9351.jpg,street
data/raw\street\9352.jpg,street
data/raw\street\9356.jpg,street
data/raw\street\9362.jpg,street
data/raw\street\9370.jpg,street
data/raw\street\9376.jpg,street
data/raw\street\9378.jpg,street
data/raw\street\9407.jpg,street
data/raw\street\9412.jpg,street
data/raw\street\9413.jpg,street
data/raw\street\9417.jpg,street
data/raw\street\9425.jpg,street
data/raw\street\9442.jpg,street
data/raw\street\9447.jpg,street
data/raw\street\9448.jpg,street
data/raw\street\9468.jpg,street
data/raw\street\9482.jpg,street
data/raw\street\9484.jpg,street
data/raw\street\9489.jpg,street
data/raw\street\9516.jpg,street
data/raw\street\9521.jpg,street
data/raw\street\9530.jpg,street
data/raw\street\9535.jpg,street
data/raw\street\9581.jpg,street
data/raw\street\9595.jpg,street
data/raw\street\9600.jpg,street
data/raw\street\9609.jpg,street
data/raw\street\9649.jpg,street
data/raw\street\9652.jpg,street
data/raw\street\9655.jpg,street
data/raw\street\9662.jpg,street
data/raw\street\9685.jpg,street
data/raw\street\9687.jpg,street
data/raw\street\9690.jpg,street
data/raw\street\9693.jpg,street
data/raw\street\9704.jpg,street
data/raw\street\9707.jpg,street
data/raw\street\9717.jpg,street
data/raw\street\9720.jpg,street
data/raw\street\9733.jpg,street
data/raw\street\9734.jpg,street
data/raw\street\9744.jpg,street
data/raw\street\9749.jpg,street
data/raw\street\9760.jpg,street
data/raw\street\9770.jpg,street
data/raw\street\9798.jpg,street
data/raw\street\9817.jpg,street
data/raw\street\9843.jpg,street
data/raw\street\9846.jpg,street
data/raw\street\9847.jpg,street
data/raw\street\9863.jpg,street
data/raw\street\9867.jpg,street
data/raw\street\9872.jpg,street
data/raw\street\9875.jpg,street
data/raw\street\9878.jpg,street
data/raw\street\9879.jpg,street
data/raw\street\9885.jpg,street
data/raw\street\9891.jpg,street
data/raw\street\9895.jpg,street
data/raw\street\9903.jpg,street
data/raw\street\9911.jpg,street
data/raw\street\9926.jpg,street
data/raw\street\9931.jpg,street
data/raw\street\9934.jpg,street
data/raw\street\9953.jpg,street
data/raw\street\9959.jpg,street
data/raw\street\9961.jpg,street
data/raw\street\9967.jpg,street
data/raw\street\9978.jpg,street
data/raw\street\9989.jpg,street
